_id,PROJECT_NAME,PROJECTID,TEST_CASE_NAME,TCID,TESTEXECID,ITERATIONID,DeviceType,ID,CURRENT_ITERATION_NUMBER,Filename,Timestamp,Type,Value,HPLMN,sim_state,Serving PLMN,NW sel mode,Service,MM5G,NR5G_RSRP,NR5G_SINR,NR5G_RSRQ,NR_RRC,NR_SSB_Index,NR_ARFCN,NR_PCI,NR_BAND,NR_DL Scheduling,NR_BLER,NR_BW,NR_SA_RLF Count,NR_Tx Phy Channel Type,NR_Tx Pwr,NR_CDRX,NETWORK,FINAL IMEI Certi,Call ID,Event,Method,Sub-Event,State,Reason,Imsreason,SIP_v,CSEQ,number,result,pendingMo,rng,fg,bg,oldState,newState,cause,audioDirection,playRingback,setCallRadioTech,audioQuality,codecChanged
655e90b6533c148e6b6b7d8d,1,2,3,4,5,6,7,8,9,Logcat-Basic_Tests-VoiceCall_Basic-1-DUT-R5CT92MKZEY--07262023032419.txt,2023-07-26 17:23:41.885,ModemServiceMode,0 0 12 195 401050,313-340,1,313-340,Auto,available,REGISTERED,,,,,,,,,,,,,,,,,,,,,,,,,,,,,,,,,,,,,,,,
655e90b6533c148e6b6b7d8f,1,2,3,4,5,6,7,8,9,Logcat-Basic_Tests-VoiceCall_Basic-1-DUT-R5CT92MKZEY--07262023032419.txt,2023-07-26 17:23:41.886,ModemServiceMode,,,,,,,,-92,22.5,-11,CONNECTED,3,401050,611,n70,0.00,0.00,25 MHz,--,PUCCH,20 dBm,Active,UNBLOCK,PASS,,,,,,,,,,,,,,,,,,,,,,,
655e90b6533c148e6b6b7d91,1,2,3,4,5,6,7,8,9,Logcat-Basic_Tests-VoiceCall_Basic-1-DUT-R5CT92MKZEY--07262023032419.txt,2023-07-26 17:23:43.407,ModemServiceMode,0 0 12 195 401050,313-340,1,,,,,,,,,,,,,,,,,,,,,,,,,,,,,,,,,,,,,,,,,,,,
655e90b6533c148e6b6b7d93,1,2,3,4,5,6,7,8,9,Logcat-Basic_Tests-VoiceCall_Basic-1-DUT-R5CT92MKZEY--07262023032419.txt,2023-07-26 17:23:43.408,ModemServiceMode,,,,313-340,Auto,available,REGISTERED,-92,22.5,-11,CONNECTED,3,401050,611,n70,0.00,0.00,25 MHz,--,PUCCH,20 dBm,Active,UNBLOCK,PASS,,,,,,,,,,,,,,,,,,,,,,,
655e90b6533c148e6b6b7d95,1,2,3,4,5,6,7,8,9,Logcat-Basic_Tests-VoiceCall_Basic-1-DUT-R5CT92MKZEY--07262023032419.txt,2023-07-26 17:23:44.932,ModemServiceMode,0 0 12 195 401050,313-340,1,313-340,Auto,available,REGISTERED,-91,22.0,,,,,,,,,,,,,,,,,,,,,,,,,,,,,,,,,,,,,,
655e90b6533c148e6b6b7d97,1,2,3,4,5,6,7,8,9,Logcat-Basic_Tests-VoiceCall_Basic-1-DUT-R5CT92MKZEY--07262023032419.txt,2023-07-26 17:23:44.933,ModemServiceMode,,,,,,,,,,-11,IDLE,3,401050,611,n70,0.00,0.00,25 MHz,--,PUCCH,20 dBm,Active,UNBLOCK,PASS,,,,,,,,,,,,,,,,,,,,,,,
655e90b6533c148e6b6b7d99,1,2,3,4,5,6,7,8,9,Logcat-Basic_Tests-VoiceCall_Basic-1-DUT-R5CT92MKZEY--07262023032419.txt,2023-07-26 17:23:48.871,Telecom,,,,,,,,,,,,,,,,,,,,,,,,,333,Event: RecordEntry ,Event: RecordEntry TC@333: CREATED, CREATED,OUTGOING,,,,,,,,,,,,,,,,,,
655e90b6533c148e6b6b7d9b,1,2,3,4,5,6,7,8,9,Logcat-Basic_Tests-VoiceCall_Basic-1-DUT-R5CT92MKZEY--07262023032419.txt,2023-07-26 17:23:48.890,Telecom,UserHandle{0},,,,,,,,,,,,,,,,,,,,,,,,333,Event: RecordEntry ,Event: RecordEntry TC@333: SET_CONNECTING, SET_CONNECTING,,,,,,,,,,,,,,,,,,,
655e90b6533c148e6b6b7d9d,1,2,3,4,5,6,7,8,9,Logcat-Basic_Tests-VoiceCall_Basic-1-DUT-R5CT92MKZEY--07262023032419.txt,2023-07-26 17:23:48.902,Telecom,tel:**********,,,,,,,,,,,,,,,,,,,,,,,,333,InCallController,InCallController: onCallAdded, onCallAdded,,,,,,,,,,,,,,,,,,,
655e90b6533c148e6b6b7d9f,1,2,3,4,5,6,7,8,9,Logcat-Basic_Tests-VoiceCall_Basic-1-DUT-R5CT92MKZEY--07262023032419.txt,2023-07-26 17:23:49.016,Telecom,**********,,,,,,,,,,,,,,,,,,,,,,,,333,Event: RecordEntry ,Event: RecordEntry TC@333: START_CONNECTION, START_CONNECTION,,,,,,,,,,,,,,,,,,,
655e90b6533c148e6b6b7da1,1,2,3,4,5,6,7,8,9,Logcat-Basic_Tests-VoiceCall_Basic-1-DUT-R5CT92MKZEY--07262023032419.txt,2023-07-26 17:23:49.255,Telecom,,,,,,,,,,,,,,,,,,,,,,,,,333,InCallController,InCallController: Sending updateCall , Sending updateCall ,CONNECTING,,,,,,,,,,,,,,,,,,
655e90b6533c148e6b6b7da3,1,2,3,4,5,6,7,8,9,Logcat-Basic_Tests-VoiceCall_Basic-1-DUT-R5CT92MKZEY--07262023032419.txt,2023-07-26 17:23:49.256,Telecom,,,,,,,,,,,,,,,,,,,,,,,,,333,InCallController,InCallController: Sending updateCall , Sending updateCall ,CONNECTING,,,,,,,,,,,,,,,,,,
655e90b6533c148e6b6b7da5,1,2,3,4,5,6,7,8,9,Logcat-Basic_Tests-VoiceCall_Basic-1-DUT-R5CT92MKZEY--07262023032419.txt,2023-07-26 17:23:49.258,Telecom,,,,,,,,,,,,,,,,,,,,,,,,,333,InCallController,InCallController: Sending updateCall , Sending updateCall ,CONNECTING,,,,,,,,,,,,,,,,,,
655e90b6533c148e6b6b7da7,1,2,3,4,5,6,7,8,9,Logcat-Basic_Tests-VoiceCall_Basic-1-DUT-R5CT92MKZEY--07262023032419.txt,2023-07-26 17:23:49.261,Telecom,,,,,,,,,,,,,,,,,,,,,,,,,333,InCallController,InCallController: Sending updateCall , Sending updateCall ,CONNECTING,,,,,,,,,,,,,,,,,,
655e90b6533c148e6b6b7da9,1,2,3,4,5,6,7,8,9,Logcat-Basic_Tests-VoiceCall_Basic-1-DUT-R5CT92MKZEY--07262023032419.txt,2023-07-26 17:23:49.263,Telecom,,,,,,,,,,,,,,,,,,,,,,,,,333,InCallController,InCallController: Sending updateCall , Sending updateCall ,CONNECTING,,,,,,,,,,,,,,,,,,
655e90b6533c148e6b6b7dab,1,2,3,4,5,6,7,8,9,Logcat-Basic_Tests-VoiceCall_Basic-1-DUT-R5CT92MKZEY--07262023032419.txt,2023-07-26 17:23:49.265,Telecom,,,,,,,,,,,,,,,,,,,,,,,,,333,InCallController,InCallController: Sending updateCall , Sending updateCall ,CONNECTING,,,,,,,,,,,,,,,,,,
655e90b6533c148e6b6b7dad,1,2,3,4,5,6,7,8,9,Logcat-Basic_Tests-VoiceCall_Basic-1-DUT-R5CT92MKZEY--07262023032419.txt,2023-07-26 17:23:49.267,Telecom,,,,,,,,,,,,,,,,,,,,,,,,,333,Event: RecordEntry ,Event: RecordEntry TC@333: SET_DIALING, SET_DIALING,successful outgoing call,,,,,,,,,,,,,,,,,,
655e90b6533c148e6b6b7daf,1,2,3,4,5,6,7,8,9,Logcat-Basic_Tests-VoiceCall_Basic-1-DUT-R5CT92MKZEY--07262023032419.txt,2023-07-26 17:23:49.268,Telecom,,,,,,,,,,,,,,,,,,,,,,,,,333,InCallController,InCallController: Sending updateCall , Sending updateCall ,DIALING,,,,,,,,,,,,,,,,,,
655e90b6533c148e6b6b7db1,1,2,3,4,5,6,7,8,9,Logcat-Basic_Tests-VoiceCall_Basic-1-DUT-R5CT92MKZEY--07262023032419.txt,2023-07-26 17:23:49.284,Telecom,,,,,,,,,,,,,,,,,,,,,,,,,333,InCallController,InCallController: Sending updateCall , Sending updateCall ,DIALING,,,,,,,,,,,,,,,,,,
655e90b6533c148e6b6b7db3,1,2,3,4,5,6,7,8,9,Logcat-Basic_Tests-VoiceCall_Basic-1-DUT-R5CT92MKZEY--07262023032419.txt,2023-07-26 17:23:49.286,Telecom,,,,,,,,,,,,,,,,,,,,,,,,,333,InCallController,InCallController: Sending updateCall , Sending updateCall ,DIALING,,,,,,,,,,,,,,,,,,
655e90b6533c148e6b6b7db5,1,2,3,4,5,6,7,8,9,Logcat-Basic_Tests-VoiceCall_Basic-1-DUT-R5CT92MKZEY--07262023032419.txt,2023-07-26 17:23:49.287,Telecom,,,,,,,,,,,,,,,,,,,,,,,,,333,InCallController,InCallController: Sending updateCall , Sending updateCall ,DIALING,,,,,,,,,,,,,,,,,,
655e90b6533c148e6b6b7db7,1,2,3,4,5,6,7,8,9,Logcat-Basic_Tests-VoiceCall_Basic-1-DUT-R5CT92MKZEY--07262023032419.txt,2023-07-26 17:23:49.310,Telecom,,,,,,,,,,,,,,,,,,,,,,,,,333,InCallController,InCallController: Sending updateCall , Sending updateCall ,DIALING,,,,,,,,,,,,,,,,,,
655e90b6533c148e6b6b7db9,1,2,3,4,5,6,7,8,9,Logcat-Basic_Tests-VoiceCall_Basic-1-DUT-R5CT92MKZEY--07262023032419.txt,2023-07-26 17:23:49.330,Telecom,,,,,,,,,,,,,,,,,,,,,,,,,333,InCallController,InCallController: Sending updateCall , Sending updateCall ,DIALING,,,,,,,,,,,,,,,,,,
655e90b6533c148e6b6b7dbb,1,2,3,4,5,6,7,8,9,Logcat-Basic_Tests-VoiceCall_Basic-1-DUT-R5CT92MKZEY--07262023032419.txt,2023-07-26 17:23:50.192,Telecom,,,,,,,,,,,,,,,,,,,,,,,,,333,InCallController,InCallController: Sending updateCall , Sending updateCall ,DIALING,,,,,,,,,,,,,,,,,,
655e90b6533c148e6b6b7dbd,1,2,3,4,5,6,7,8,9,Logcat-Basic_Tests-VoiceCall_Basic-1-DUT-R5CT92MKZEY--07262023032419.txt,2023-07-26 17:23:50.194,Telecom,,,,,,,,,,,,,,,,,,,,,,,,,333,InCallController,InCallController: Sending updateCall , Sending updateCall ,DIALING,,,,,,,,,,,,,,,,,,
655e90b6533c148e6b6b7dbf,1,2,3,4,5,6,7,8,9,Logcat-Basic_Tests-VoiceCall_Basic-1-DUT-R5CT92MKZEY--07262023032419.txt,2023-07-26 17:23:50.202,Telecom,,,,,,,,,,,,,,,,,,,,,,,,,333,InCallController,InCallController: Sending updateCall , Sending updateCall ,DIALING,,,,,,,,,,,,,,,,,,
655e90b6533c148e6b6b7dc1,1,2,3,4,5,6,7,8,9,Logcat-Basic_Tests-VoiceCall_Basic-1-DUT-R5CT92MKZEY--07262023032419.txt,2023-07-26 17:23:50.215,Telecom,,,,,,,,,,,,,,,,,,,,,,,,,333,InCallController,InCallController: Sending updateCall , Sending updateCall ,DIALING,,,,,,,,,,,,,,,,,,
655e90b6533c148e6b6b7dc3,1,2,3,4,5,6,7,8,9,Logcat-Basic_Tests-VoiceCall_Basic-1-DUT-R5CT92MKZEY--07262023032419.txt,2023-07-26 17:23:51.934,Telecom,,,,,,,,,,,,,,,,,,,,,,,,,333,InCallController,InCallController: Sending updateCall , Sending updateCall ,DIALING,,,,,,,,,,,,,,,,,,
655e90b6533c148e6b6b7dc5,1,2,3,4,5,6,7,8,9,Logcat-Basic_Tests-VoiceCall_Basic-1-DUT-R5CT92MKZEY--07262023032419.txt,2023-07-26 17:23:51.939,Telecom,,,,,,,,,,,,,,,,,,,,,,,,,333,InCallController,InCallController: Sending updateCall , Sending updateCall ,DIALING,,,,,,,,,,,,,,,,,,
655e90b6533c148e6b6b7dc7,1,2,3,4,5,6,7,8,9,Logcat-Basic_Tests-VoiceCall_Basic-1-DUT-R5CT92MKZEY--07262023032419.txt,2023-07-26 17:23:51.944,Telecom,,,,,,,,,,,,,,,,,,,,,,,,,333,InCallController,InCallController: Sending updateCall , Sending updateCall ,DIALING,,,,,,,,,,,,,,,,,,
655e90b6533c148e6b6b7dc9,1,2,3,4,5,6,7,8,9,Logcat-Basic_Tests-VoiceCall_Basic-1-DUT-R5CT92MKZEY--07262023032419.txt,2023-07-26 17:23:51.953,Telecom,,,,,,,,,,,,,,,,,,,,,,,,,333,Event: RecordEntry ,Event: RecordEntry TC@333: START_RINGBACK, START_RINGBACK,,,,,,,,,,,,,,,,,,,
655e90b6533c148e6b6b7dcb,1,2,3,4,5,6,7,8,9,Logcat-Basic_Tests-VoiceCall_Basic-1-DUT-R5CT92MKZEY--07262023032419.txt,2023-07-26 17:23:51.957,Telecom,,,,,,,,,,,,,,,,,,,,,,,,,333,InCallController,InCallController: Sending updateCall , Sending updateCall ,DIALING,,,,,,,,,,,,,,,,,,
655e90b6533c148e6b6b7dcd,1,2,3,4,5,6,7,8,9,Logcat-Basic_Tests-VoiceCall_Basic-1-DUT-R5CT92MKZEY--07262023032419.txt,2023-07-26 17:23:51.970,Telecom,,,,,,,,,,,,,,,,,,,,,,,,,333,InCallController,InCallController: Sending updateCall , Sending updateCall ,DIALING,,,,,,,,,,,,,,,,,,
655e90b6533c148e6b6b7dcf,1,2,3,4,5,6,7,8,9,Logcat-Basic_Tests-VoiceCall_Basic-1-DUT-R5CT92MKZEY--07262023032419.txt,2023-07-26 17:23:51.974,Telecom,,,,,,,,,,,,,,,,,,,,,,,,,333,InCallController,InCallController: Sending updateCall , Sending updateCall ,DIALING,,,,,,,,,,,,,,,,,,
655e90b6533c148e6b6b7dd1,1,2,3,4,5,6,7,8,9,Logcat-Basic_Tests-VoiceCall_Basic-1-DUT-R5CT92MKZEY--07262023032419.txt,2023-07-26 17:23:51.977,Telecom,,,,,,,,,,,,,,,,,,,,,,,,,333,InCallController,InCallController: Sending updateCall , Sending updateCall ,DIALING,,,,,,,,,,,,,,,,,,
655e90b6533c148e6b6b7dd3,1,2,3,4,5,6,7,8,9,Logcat-Basic_Tests-VoiceCall_Basic-1-DUT-R5CT92MKZEY--07262023032419.txt,2023-07-26 17:23:51.979,Telecom,,,,,,,,,,,,,,,,,,,,,,,,,333,InCallController,InCallController: Sending updateCall , Sending updateCall ,DIALING,,,,,,,,,,,,,,,,,,
655e90b6533c148e6b6b7dd5,1,2,3,4,5,6,7,8,9,Logcat-Basic_Tests-VoiceCall_Basic-1-DUT-R5CT92MKZEY--07262023032419.txt,2023-07-26 17:23:58.377,Telecom,,,,,,,,,,,,,,,,,,,,,,,,,333,InCallController,InCallController: Sending updateCall , Sending updateCall ,DIALING,,,,,,,,,,,,,,,,,,
655e90b6533c148e6b6b7dd7,1,2,3,4,5,6,7,8,9,Logcat-Basic_Tests-VoiceCall_Basic-1-DUT-R5CT92MKZEY--07262023032419.txt,2023-07-26 17:23:58.380,Telecom,,,,,,,,,,,,,,,,,,,,,,,,,333,InCallController,InCallController: Sending updateCall , Sending updateCall ,DIALING,,,,,,,,,,,,,,,,,,
655e90b6533c148e6b6b7dd9,1,2,3,4,5,6,7,8,9,Logcat-Basic_Tests-VoiceCall_Basic-1-DUT-R5CT92MKZEY--07262023032419.txt,2023-07-26 17:23:58.394,Telecom,,,,,,,,,,,,,,,,,,,,,,,,,333,InCallController,InCallController: Sending updateCall , Sending updateCall ,ACTIVE,,,,,,,,,,,,,,,,,,
655e90b6533c148e6b6b7ddb,1,2,3,4,5,6,7,8,9,Logcat-Basic_Tests-VoiceCall_Basic-1-DUT-R5CT92MKZEY--07262023032419.txt,2023-07-26 17:23:58.399,Telecom,,,,,,,,,,,,,,,,,,,,,,,,,333,InCallController,InCallController: Sending updateCall , Sending updateCall ,ACTIVE,,,,,,,,,,,,,,,,,,
655e90b6533c148e6b6b7ddd,1,2,3,4,5,6,7,8,9,Logcat-Basic_Tests-VoiceCall_Basic-1-DUT-R5CT92MKZEY--07262023032419.txt,2023-07-26 17:23:58.402,Telecom,,,,,,,,,,,,,,,,,,,,,,,,,333,InCallController,InCallController: Sending updateCall , Sending updateCall ,ACTIVE,,,,,,,,,,,,,,,,,,
655e90b6533c148e6b6b7ddf,1,2,3,4,5,6,7,8,9,Logcat-Basic_Tests-VoiceCall_Basic-1-DUT-R5CT92MKZEY--07262023032419.txt,2023-07-26 17:23:58.404,Telecom,,,,,,,,,,,,,,,,,,,,,,,,,333,InCallController,InCallController: Sending updateCall , Sending updateCall ,ACTIVE,,,,,,,,,,,,,,,,,,
655e90b6533c148e6b6b7de1,1,2,3,4,5,6,7,8,9,Logcat-Basic_Tests-VoiceCall_Basic-1-DUT-R5CT92MKZEY--07262023032419.txt,2023-07-26 17:23:58.405,Telecom,,,,,,,,,,,,,,,,,,,,,,,,,333,InCallController,InCallController: Sending updateCall , Sending updateCall ,ACTIVE,,,,,,,,,,,,,,,,,,
655e90b6533c148e6b6b7de3,1,2,3,4,5,6,7,8,9,Logcat-Basic_Tests-VoiceCall_Basic-1-DUT-R5CT92MKZEY--07262023032419.txt,2023-07-26 17:23:58.407,Telecom,,,,,,,,,,,,,,,,,,,,,,,,,333,InCallController,InCallController: Sending updateCall , Sending updateCall ,ACTIVE,,,,,,,,,,,,,,,,,,
655e90b6533c148e6b6b7de5,1,2,3,4,5,6,7,8,9,Logcat-Basic_Tests-VoiceCall_Basic-1-DUT-R5CT92MKZEY--07262023032419.txt,2023-07-26 17:23:58.408,Telecom,,,,,,,,,,,,,,,,,,,,,,,,,333,InCallController,InCallController: Sending updateCall , Sending updateCall ,ACTIVE,,,,,,,,,,,,,,,,,,
655e90b6533c148e6b6b7de7,1,2,3,4,5,6,7,8,9,Logcat-Basic_Tests-VoiceCall_Basic-1-DUT-R5CT92MKZEY--07262023032419.txt,2023-07-26 17:24:16.158,Telecom,,,,,,,,,,,,,,,,,,,,,,,,,333,InCallController,InCallController: Sending updateCall , Sending updateCall ,DISCONNECTING,,,,,,,,,,,,,,,,,,
655e90b7533c148e6b6b7de9,1,2,3,4,5,6,7,8,9,Logcat-Basic_Tests-VoiceCall_Basic-1-DUT-R5CT92MKZEY--07262023032419.txt,2023-07-26 17:24:16.184,Telecom,,,,,,,,,,,,,,,,,,,,,,,,,333,InCallController,InCallController: Sending updateCall , Sending updateCall ,DISCONNECTING,,,,,,,,,,,,,,,,,,
655e90b7533c148e6b6b7deb,1,2,3,4,5,6,7,8,9,Logcat-Basic_Tests-VoiceCall_Basic-1-DUT-R5CT92MKZEY--07262023032419.txt,2023-07-26 17:24:16.197,Telecom,,,,,,,,,,,,,,,,,,,,,,,,,333,InCallController,InCallController: Sending updateCall , Sending updateCall ,DISCONNECTING,,,,,,,,,,,,,,,,,,
655e90b7533c148e6b6b7ded,1,2,3,4,5,6,7,8,9,Logcat-Basic_Tests-VoiceCall_Basic-1-DUT-R5CT92MKZEY--07262023032419.txt,2023-07-26 17:24:16.423,Telecom,,,,,,,,,,,,,,,,,,,,,,,,,333,InCallController,InCallController: Sending updateCall , Sending updateCall ,DISCONNECTING,,,,,,,,,,,,,,,,,,
655e90b7533c148e6b6b7def,1,2,3,4,5,6,7,8,9,Logcat-Basic_Tests-VoiceCall_Basic-1-DUT-R5CT92MKZEY--07262023032419.txt,2023-07-26 17:24:16.449,Telecom,,,,,,,,,,,,,,,,,,,,,,,,,333,InCallController,InCallController: Sending updateCall , Sending updateCall ,DISCONNECTING,,,,,,,,,,,,,,,,,,
655e90b7533c148e6b6b7df1,1,2,3,4,5,6,7,8,9,Logcat-Basic_Tests-VoiceCall_Basic-1-DUT-R5CT92MKZEY--07262023032419.txt,2023-07-26 17:24:16.455,Telecom,,,,,,,,,,,,,,,,,,,,,,,,,333,Event: RecordEntry ,Event: RecordEntry TC@333: SET_DISCONNECTED, SET_DISCONNECTED,,"200, LOCAL","501 CODE_USER_TERMINATED, 200, null",,,,,,,,,,,,,,,,
655e90b7533c148e6b6b7df3,1,2,3,4,5,6,7,8,9,Logcat-Basic_Tests-VoiceCall_Basic-1-DUT-R5CT92MKZEY--07262023032419.txt,2023-07-26 17:24:16.479,Telecom,,,,,,,,,,,,,,,,,,,,,,,,,333,InCallController,InCallController: Sending updateCall , Sending updateCall ,DISCONNECTED,,,,,,,,,,,,,,,,,,
655e90b7533c148e6b6b7df5,1,2,3,4,5,6,7,8,9,Logcat-Basic_Tests-VoiceCall_Basic-1-DUT-R5CT92MKZEY--07262023032419.txt,2023-07-26 17:24:16.518,Telecom,,,,,,,,,,,,,,,,,,,,,,,,,333,InCallController,InCallController: Sending updateCall , Sending updateCall ,DISCONNECTED,,,,,,,,,,,,,,,,,,
655e90b7533c148e6b6b7df7,1,2,3,4,5,6,7,8,9,Logcat-Basic_Tests-VoiceCall_Basic-1-DUT-R5CT92MKZEY--07262023032419.txt,2023-07-26 17:24:16.519,Telecom,,,,,,,,,,,,,,,,,,,,,,,,,333,InCallController,InCallController: Sending updateCall , Sending updateCall ,DISCONNECTED,,,,,,,,,,,,,,,,,,
655e90b7533c148e6b6b7df9,1,2,3,4,5,6,7,8,9,Logcat-Basic_Tests-VoiceCall_Basic-1-DUT-R5CT92MKZEY--07262023032419.txt,2023-07-26 17:24:16.530,Telecom,null,,,,,,,,,,,,,,,,,,,,,,,,333,Event: RecordEntry ,Event: RecordEntry TC@333: DESTROYED, DESTROYED,,,,,,,,,,,,,,,,,,,
655e90b7533c148e6b6b7dfb,1,2,3,4,5,6,7,8,9,Logcat-Basic_Tests-VoiceCall_Basic-1-DUT-R5CT92MKZEY--07262023032419.txt,2023-07-26 17:23:49.517,SIPMSG,sip:xxxxxxxxxxxxxxx;phone-context=ims.mnc340.mcc313.3gppnetwork.org@ims.mnc340.mcc313.3gppnetwork.org;user=phone ,,,,,,,,,,,,,,,,,,,,,,,,,UE to Network,INVITE,INVITE,OUTGOING,,,2.0,1,,,,,,,,,,,,,,
655e90b7533c148e6b6b7dfd,1,2,3,4,5,6,7,8,9,Logcat-Basic_Tests-VoiceCall_Basic-1-DUT-R5CT92MKZEY--07262023032419.txt,2023-07-26 17:23:50.120,SIPMSG,,,,,,,,,,,,,,,,,,,,,,,,,,Network to UE,INVITE, 100 Trying,OUTGOING,,,2.0,1,,,,,,,,,,,,,,
655e90b7533c148e6b6b7dff,1,2,3,4,5,6,7,8,9,Logcat-Basic_Tests-VoiceCall_Basic-1-DUT-R5CT92MKZEY--07262023032419.txt,2023-07-26 17:23:51.473,SIPMSG,,,,,,,,,,,,,,,,,,,,,,,,,,Network to UE,INVITE, 183 Session Progress,OUTGOING,,,2.0,1,,,,,,,,,,,,,,
655e90b7533c148e6b6b7e01,1,2,3,4,5,6,7,8,9,Logcat-Basic_Tests-VoiceCall_Basic-1-DUT-R5CT92MKZEY--07262023032419.txt,2023-07-26 17:23:51.506,SIPMSG,sip:lucentNGFS-033008@xxx.xxx.xxx.xxx:6000;x-skey=000022859124001a0002;x-afi=3;encoded-parm=QbkRBthOEgsTXgkTBA0HHiUrKz1CQEJBQ0RNNhkTVBgiMXN0dCVqPToveS03fCFgYCJieSY.J3YwN0IcXlpWBQMIF11NTVJTUEpWARcYBw8fGwIcBF4eABROQEZBSA__ ,,,,,,,,,,,,,,,,,,,,,,,,,UE to Network,PRACK,PRACK,OUTGOING,,,2.0,2,,,,,,,,,,,,,,
655e90b7533c148e6b6b7e03,1,2,3,4,5,6,7,8,9,Logcat-Basic_Tests-VoiceCall_Basic-1-DUT-R5CT92MKZEY--07262023032419.txt,2023-07-26 17:23:51.782,SIPMSG,,,,,,,,,,,,,,,,,,,,,,,,,,Network to UE,PRACK, 200 OK,OUTGOING,,,2.0,2,,,,,,,,,,,,,,
655e90b7533c148e6b6b7e05,1,2,3,4,5,6,7,8,9,Logcat-Basic_Tests-VoiceCall_Basic-1-DUT-R5CT92MKZEY--07262023032419.txt,2023-07-26 17:23:51.867,SIPMSG,,,,,,,,,,,,,,,,,,,,,,,,,,Network to UE,INVITE, 180 Ringing,OUTGOING,,,2.0,1,,,,,,,,,,,,,,
655e90b7533c148e6b6b7e07,1,2,3,4,5,6,7,8,9,Logcat-Basic_Tests-VoiceCall_Basic-1-DUT-R5CT92MKZEY--07262023032419.txt,2023-07-26 17:23:58.198,SIPMSG,,,,,,,,,,,,,,,,,,,,,,,,,,Network to UE,INVITE, 200 OK,OUTGOING,,,2.0,1,,,,,,,,,,,,,,
655e90b7533c148e6b6b7e09,1,2,3,4,5,6,7,8,9,Logcat-Basic_Tests-VoiceCall_Basic-1-DUT-R5CT92MKZEY--07262023032419.txt,2023-07-26 17:23:58.209,SIPMSG,sip:lucentNGFS-033008@xxx.xxx.xxx.xxx:6000;x-skey=000022859124001a0002;x-afi=3;encoded-parm=QbkRBthOEgsTXgkTBA0HHiUrKz1CQEJBQ0RNNhkTVBgiMXN0dCVqPToveS03fCFgYCJieSY.J3YwN0IcXlpWBQMIF11NTVJTUEpWARcYBw8fGwIcBF4eABROQEZBSA__ ,,,,,,,,,,,,,,,,,,,,,,,,,UE to Network,ACK,ACK,OUTGOING,,,2.0,1,,,,,,,,,,,,,,
655e90b7533c148e6b6b7e0b,1,2,3,4,5,6,7,8,9,Logcat-Basic_Tests-VoiceCall_Basic-1-DUT-R5CT92MKZEY--07262023032419.txt,2023-07-26 17:24:16.173,SIPMSG,sip:lucentNGFS-033008@xxx.xxx.xxx.xxx:6000;x-skey=000022859124001a0002;x-afi=3;encoded-parm=QbkRBthOEgsTXgkTBA0HHiUrKz1CQEJBQ0RNNhkTVBgiMXN0dCVqPToveS03fCFgYCJieSY.J3YwN0IcXlpWBQMIF11NTVJTUEpWARcYBw8fGwIcBF4eABROQEZBSA__ ,,,,,,,,,,,,,,,,,,,,,,,,,UE to Network,BYE,BYE,OUTGOING,,,2.0,3,,,,,,,,,,,,,,
655e90b7533c148e6b6b7e0d,1,2,3,4,5,6,7,8,9,Logcat-Basic_Tests-VoiceCall_Basic-1-DUT-R5CT92MKZEY--07262023032419.txt,2023-07-26 17:24:16.319,SIPMSG,,,,,,,,,,,,,,,,,,,,,,,,,,Network to UE,BYE, 200 OK,OUTGOING,,,2.0,3,,,,,,,,,,,,,,
655e90b7533c148e6b6b7e0f,1,2,3,4,5,6,7,8,9,Logcat-Basic_Tests-VoiceCall_Basic-1-DUT-R5CT92MKZEY--07262023032419.txt,2023-07-26 17:23:49.116,ImsPhoneCallTracker,,,,,,,,,,,,,,,,,,,,,,,,,,ImsPhoneCallTracker,ImsPhoneCallTracker: shouldProcessCall:,shouldProcessCall:,,,,,,****,0,,,,,,,,,,,,
655e90b7533c148e6b6b7e11,1,2,3,4,5,6,7,8,9,Logcat-Basic_Tests-VoiceCall_Basic-1-DUT-R5CT92MKZEY--07262023032419.txt,2023-07-26 17:23:49.117,ImsPhoneCallTracker,,,,,,,,,,,,,,,,,,,,,,,,,,ImsPhoneCallTracker: ,ImsPhoneCallTracker: [0] updatePhoneState ,updatePhoneState ,,,,,,,,null,IDLE(),IDLE(),IDLE(),,,,,,,,
655e90b7533c148e6b6b7e13,1,2,3,4,5,6,7,8,9,Logcat-Basic_Tests-VoiceCall_Basic-1-DUT-R5CT92MKZEY--07262023032419.txt,2023-07-26 17:23:49.117,ImsPhoneCallTracker,,,,,,,,,,,,,,,,,,,,,,,,,,ImsPhoneCallTracker: ,ImsPhoneCallTracker: [0] updatePhoneState ,updatePhoneState ,,,,,,,,,,,,IDLE,IDLE,,,,,,
655e90b7533c148e6b6b7e15,1,2,3,4,5,6,7,8,9,Logcat-Basic_Tests-VoiceCall_Basic-1-DUT-R5CT92MKZEY--07262023032419.txt,2023-07-26 17:23:49.196,ImsPhoneCallTracker,,,,,,,,,,,,,,,,,,,,,,,,,,ImsPhoneCallTracker: ,ImsPhoneCallTracker: [0] updatePhoneState ,updatePhoneState ,,,,,,,,DIALING(null/objId:220085930),IDLE(),DIALING(null/objId:220085930),IDLE(),,,,,,,,
655e90b7533c148e6b6b7e17,1,2,3,4,5,6,7,8,9,Logcat-Basic_Tests-VoiceCall_Basic-1-DUT-R5CT92MKZEY--07262023032419.txt,2023-07-26 17:23:49.197,ImsPhoneCallTracker,,,,,,,,,,,,,,,,,,,,,,,,,,ImsPhoneCallTracker: ,ImsPhoneCallTracker: [0] updatePhoneState ,updatePhoneState ,,,,,,,,,,,,IDLE,OFFHOOK,,,,,,
655e90b7533c148e6b6b7e19,1,2,3,4,5,6,7,8,9,Logcat-Basic_Tests-VoiceCall_Basic-1-DUT-R5CT92MKZEY--07262023032419.txt,2023-07-26 17:23:50.181,ImsPhoneCallTracker,,,,,,,,,,,,,,,,,,,,,,,,,,ImsPhoneCallTracker: ,ImsPhoneCallTracker: [0] processCallStateChange ,processCallStateChange ,DIALING,,,,,,,,,,,,,0,,,,,
655e90b7533c148e6b6b7e1b,1,2,3,4,5,6,7,8,9,Logcat-Basic_Tests-VoiceCall_Basic-1-DUT-R5CT92MKZEY--07262023032419.txt,2023-07-26 17:23:50.185,ImsPhoneCall,,,,,,,,,,,,,,,,,,,,,,,,,,ImsPhoneCall,ImsPhoneCall: maybeChangeRingbackState:,maybeChangeRingbackState:,DIALING,,,,,,,,,,,,,,,,,,
655e90b7533c148e6b6b7e1d,1,2,3,4,5,6,7,8,9,Logcat-Basic_Tests-VoiceCall_Basic-1-DUT-R5CT92MKZEY--07262023032419.txt,2023-07-26 17:23:51.909,ImsPhoneCallTracker,,,,,,,,,,,,,,,,,,,,,,,,,,ImsPhoneCallTracker: ,ImsPhoneCallTracker: [0] processCallStateChange ,processCallStateChange ,DIALING,,,,,,,,,,,,,0,,,,,
655e90b7533c148e6b6b7e1f,1,2,3,4,5,6,7,8,9,Logcat-Basic_Tests-VoiceCall_Basic-1-DUT-R5CT92MKZEY--07262023032419.txt,2023-07-26 17:23:51.917,ImsPhoneCall,,,,,,,,,,,,,,,,,,,,,,,,,,ImsPhoneCall,ImsPhoneCall: maybeChangeRingbackState:,maybeChangeRingbackState:,DIALING,,,,,,,,,,,,,,,,,,
655e90b7533c148e6b6b7e21,1,2,3,4,5,6,7,8,9,Logcat-Basic_Tests-VoiceCall_Basic-1-DUT-R5CT92MKZEY--07262023032419.txt,2023-07-26 17:23:51.922,ImsPhoneCallTracker,,,,,,,,,,,,,,,,,,,,,,,,,,ImsPhoneCallTracker: ,ImsPhoneCallTracker: [0] processCallStateChange ,processCallStateChange ,ALERTING,,,,,,,,,,,,,0,,,,,
655e90b7533c148e6b6b7e23,1,2,3,4,5,6,7,8,9,Logcat-Basic_Tests-VoiceCall_Basic-1-DUT-R5CT92MKZEY--07262023032419.txt,2023-07-26 17:23:51.924,ImsPhoneCall,,,,,,,,,,,,,,,,,,,,,,,,,,ImsPhoneCall,ImsPhoneCall: isLocalTone:,isLocalTone:,,,,,,,,,,,,,,,0,true,,,
655e90b7533c148e6b6b7e25,1,2,3,4,5,6,7,8,9,Logcat-Basic_Tests-VoiceCall_Basic-1-DUT-R5CT92MKZEY--07262023032419.txt,2023-07-26 17:23:51.925,ImsPhoneCall,,,,,,,,,,,,,,,,,,,,,,,,,,ImsPhoneCall,ImsPhoneCall: maybeChangeRingbackState:,maybeChangeRingbackState:,ALERTING,,,,,,,,,,,,,,,,,,
655e90b7533c148e6b6b7e27,1,2,3,4,5,6,7,8,9,Logcat-Basic_Tests-VoiceCall_Basic-1-DUT-R5CT92MKZEY--07262023032419.txt,2023-07-26 17:23:51.925,ImsPhoneCall,,,,,,,,,,,,,,,,,,,,,,,,,,ImsPhoneCall,ImsPhoneCall: isLocalTone:,isLocalTone:,,,,,,,,,,,,,,,0,true,,,
655e90b7533c148e6b6b7e29,1,2,3,4,5,6,7,8,9,Logcat-Basic_Tests-VoiceCall_Basic-1-DUT-R5CT92MKZEY--07262023032419.txt,2023-07-26 17:23:51.927,ImsPhoneCallTracker,,,,,,,,,,,,,,,,,,,,,,,,,,ImsPhoneCallTracker: ,ImsPhoneCallTracker: [0] updatePhoneState ,updatePhoneState ,,,,,,,,null,IDLE(),ALERTING(TC@333_1/objId:220085930),IDLE(),,,,,,,,
655e90b7533c148e6b6b7e2b,1,2,3,4,5,6,7,8,9,Logcat-Basic_Tests-VoiceCall_Basic-1-DUT-R5CT92MKZEY--07262023032419.txt,2023-07-26 17:23:51.927,ImsPhoneCallTracker,,,,,,,,,,,,,,,,,,,,,,,,,,ImsPhoneCallTracker: ,ImsPhoneCallTracker: [0] updatePhoneState ,updatePhoneState ,,,,,,,,,,,,OFFHOOK,OFFHOOK,,,,,,
655e90b7533c148e6b6b7e2d,1,2,3,4,5,6,7,8,9,Logcat-Basic_Tests-VoiceCall_Basic-1-DUT-R5CT92MKZEY--07262023032419.txt,2023-07-26 17:23:58.337,ImsPhoneCallTracker,,,,,,,,,,,,,,,,,,,,,,,,,,ImsPhoneCallTracker: ,ImsPhoneCallTracker: [0] processCallStateChange ,processCallStateChange ,ACTIVE,,,,,,,,,,,,,0,,,,,
655e90b7533c148e6b6b7e2f,1,2,3,4,5,6,7,8,9,Logcat-Basic_Tests-VoiceCall_Basic-1-DUT-R5CT92MKZEY--07262023032419.txt,2023-07-26 17:23:58.348,ImsPhoneCall,,,,,,,,,,,,,,,,,,,,,,,,,,ImsPhoneCall,ImsPhoneCall: isLocalTone:,isLocalTone:,,,,,,,,,,,,,,,3,false,,,
655e90b7533c148e6b6b7e31,1,2,3,4,5,6,7,8,9,Logcat-Basic_Tests-VoiceCall_Basic-1-DUT-R5CT92MKZEY--07262023032419.txt,2023-07-26 17:23:58.348,ImsPhoneCall,,,,,,,,,,,,,,,,,,,,,,,,,,ImsPhoneCall,ImsPhoneCall: maybeChangeRingbackState:,maybeChangeRingbackState:,ACTIVE,,,,,,,,,,,,,,,,,,
655e90b7533c148e6b6b7e33,1,2,3,4,5,6,7,8,9,Logcat-Basic_Tests-VoiceCall_Basic-1-DUT-R5CT92MKZEY--07262023032419.txt,2023-07-26 17:23:58.351,ImsPhoneCallTracker,,,,,,,,,,,,,,,,,,,,,,,,,,ImsPhoneCallTracker: ,ImsPhoneCallTracker: [0] updatePhoneState ,updatePhoneState ,,,,,,,,null,IDLE(),ACTIVE(TC@333_1/objId:220085930),IDLE(),,,,,,,,
655e90b7533c148e6b6b7e35,1,2,3,4,5,6,7,8,9,Logcat-Basic_Tests-VoiceCall_Basic-1-DUT-R5CT92MKZEY--07262023032419.txt,2023-07-26 17:23:58.351,ImsPhoneCallTracker,,,,,,,,,,,,,,,,,,,,,,,,,,ImsPhoneCallTracker: ,ImsPhoneCallTracker: [0] updatePhoneState ,updatePhoneState ,,,,,,,,,,,,OFFHOOK,OFFHOOK,,,,,,
655e90b7533c148e6b6b7e37,1,2,3,4,5,6,7,8,9,Logcat-Basic_Tests-VoiceCall_Basic-1-DUT-R5CT92MKZEY--07262023032419.txt,2023-07-26 17:23:58.359,ImsPhoneCallTracker,,,,,,,,,,,,,,,,,,,,,,,,,,ImsPhoneCallTracker: ,ImsPhoneCallTracker: [0] processCallStateChange ,processCallStateChange ,ACTIVE,,,,,,,,,,,,,0,,,,,
655e90b7533c148e6b6b7e39,1,2,3,4,5,6,7,8,9,Logcat-Basic_Tests-VoiceCall_Basic-1-DUT-R5CT92MKZEY--07262023032419.txt,2023-07-26 17:23:58.361,ImsPhoneCall,,,,,,,,,,,,,,,,,,,,,,,,,,ImsPhoneCall,ImsPhoneCall: maybeChangeRingbackState:,maybeChangeRingbackState:,ACTIVE,,,,,,,,,,,,,,,,,,
655e90b7533c148e6b6b7e3b,1,2,3,4,5,6,7,8,9,Logcat-Basic_Tests-VoiceCall_Basic-1-DUT-R5CT92MKZEY--07262023032419.txt,2023-07-26 17:24:16.365,ImsPhoneCallTracker,,,,,,,,,,,,,,,,,,,,,,,,,,ImsPhoneCallTracker: ,ImsPhoneCallTracker: [0] onCallTerminated ,onCallTerminated ,,501,,,,,,,,,,,,,,,,,
655e90b7533c148e6b6b7e3d,1,2,3,4,5,6,7,8,9,Logcat-Basic_Tests-VoiceCall_Basic-1-DUT-R5CT92MKZEY--07262023032419.txt,2023-07-26 17:24:16.365,ImsPhoneCallTracker,,,,,,,,,,,,,,,,,,,,,,,,,,ImsPhoneCallTracker: ,ImsPhoneCallTracker: [0] maybeRemapReasonCode ,maybeRemapReasonCode ,,,501,,,,,,,,,,,,,,,,
655e90b7533c148e6b6b7e3f,1,2,3,4,5,6,7,8,9,Logcat-Basic_Tests-VoiceCall_Basic-1-DUT-R5CT92MKZEY--07262023032419.txt,2023-07-26 17:24:16.368,ImsPhoneCallTracker,,,,,,,,,,,,,,,,,,,,,,,,,,ImsPhoneCallTracker: ,ImsPhoneCallTracker: [0] maybeRemapReasonCode ,maybeRemapReasonCode ,,,501,,,,,,,,,,,,,,,,
655e90b7533c148e6b6b7e41,1,2,3,4,5,6,7,8,9,Logcat-Basic_Tests-VoiceCall_Basic-1-DUT-R5CT92MKZEY--07262023032419.txt,2023-07-26 17:24:16.377,ImsPhoneCallTracker,,,,,,,,,,,,,,,,,,,,,,,,,,ImsPhoneCallTracker: ,ImsPhoneCallTracker: [0] maybeRemapReasonCode ,maybeRemapReasonCode ,,,501,,,,,,,,,,,,,,,,
655e90b7533c148e6b6b7e43,1,2,3,4,5,6,7,8,9,Logcat-Basic_Tests-VoiceCall_Basic-1-DUT-R5CT92MKZEY--07262023032419.txt,2023-07-26 17:24:16.379,ImsPhoneCallTracker,,,,,,,,,,,,,,,,,,,,,,,,,,ImsPhoneCallTracker: ,ImsPhoneCallTracker: [0] processCallStateChange ,processCallStateChange ,DISCONNECTED,,,,,,,,,,,,,3,,,,,
655e90b7533c148e6b6b7e45,1,2,3,4,5,6,7,8,9,Logcat-Basic_Tests-VoiceCall_Basic-1-DUT-R5CT92MKZEY--07262023032419.txt,2023-07-26 17:24:16.381,ImsPhoneCall,,,,,,,,,,,,,,,,,,,,,,,,,,ImsPhoneCall,ImsPhoneCall: isLocalTone:,isLocalTone:,,,,,,,,,,,,,,,3,false,,,
655e90b7533c148e6b6b7e47,1,2,3,4,5,6,7,8,9,Logcat-Basic_Tests-VoiceCall_Basic-1-DUT-R5CT92MKZEY--07262023032419.txt,2023-07-26 17:24:16.381,ImsPhoneCall,,,,,,,,,,,,,,,,,,,,,,,,,,ImsPhoneCall,ImsPhoneCall: maybeChangeRingbackState:,maybeChangeRingbackState:,DISCONNECTED,,,,,,,,,,,,,,,,,,
655e90b7533c148e6b6b7e49,1,2,3,4,5,6,7,8,9,Logcat-Basic_Tests-VoiceCall_Basic-1-DUT-R5CT92MKZEY--07262023032419.txt,2023-07-26 17:24:16.399,ImsPhoneCallTracker,,,,,,,,,,,,,,,,,,,,,,,,,,ImsPhoneCallTracker: ,ImsPhoneCallTracker: [0] updatePhoneState ,updatePhoneState ,,,,,,,,null,IDLE(),IDLE(),IDLE(),,,,,,,,
655e90b7533c148e6b6b7e4b,1,2,3,4,5,6,7,8,9,Logcat-Basic_Tests-VoiceCall_Basic-1-DUT-R5CT92MKZEY--07262023032419.txt,2023-07-26 17:24:16.399,ImsPhoneCallTracker,,,,,,,,,,,,,,,,,,,,,,,,,,ImsPhoneCallTracker: ,ImsPhoneCallTracker: [0] updatePhoneState ,updatePhoneState ,,,,,,,,,,,,OFFHOOK,IDLE,,,,,,
655e90b7533c148e6b6b7e4d,1,2,3,4,5,6,7,8,9,Logcat-Basic_Tests-VoiceCall_Basic-1-DUT-R5CT92MKZEY--07262023032419.txt,2023-07-26 17:23:49.064,Telephony,,,,,,,,,,,,,,,,,,,,,,,,,, GsmConnection,"Telephony: GsmConnection: onStateChanged,"," onStateChanged,",INITIALIZING,,,,,,,,,,,,,,,,,,
655e90b7533c148e6b6b7e4f,1,2,3,4,5,6,7,8,9,Logcat-Basic_Tests-VoiceCall_Basic-1-DUT-R5CT92MKZEY--07262023032419.txt,2023-07-26 17:23:49.212,Telephony,,,,,,,,,,,,,,,,,,,,,,,,,, GsmConnection,Telephony: GsmConnection: setCallRadioTech:, setCallRadioTech,,,,,,,,,,,,,,,,,NR,,
655e90b7533c148e6b6b7e51,1,2,3,4,5,6,7,8,9,Logcat-Basic_Tests-VoiceCall_Basic-1-DUT-R5CT92MKZEY--07262023032419.txt,2023-07-26 17:23:49.216,Telephony,,,,,,,,,,,,,,,,,,,,,,,,,, GsmConnection,"Telephony: GsmConnection: setAudioQuality,"," setAudioQuality,",,,,,,,,,,,,,,,,,,0,
655e90b7533c148e6b6b7e53,1,2,3,4,5,6,7,8,9,Logcat-Basic_Tests-VoiceCall_Basic-1-DUT-R5CT92MKZEY--07262023032419.txt,2023-07-26 17:23:49.233,Telephony,,,,,,,,,,,,,,,,,,,,,,,,,, GsmConnection,Telephony: GsmConnection: Update state , Update state ,from IDLE to DIALING for TC@333_1,,,,,,,,,,,,,,,,,,
655e90b7533c148e6b6b7e55,1,2,3,4,5,6,7,8,9,Logcat-Basic_Tests-VoiceCall_Basic-1-DUT-R5CT92MKZEY--07262023032419.txt,2023-07-26 17:23:49.234,Telephony,,,,,,,,,,,,,,,,,,,,,,,,,, GsmConnection,Telephony: GsmConnection: updateState , updateState ,DIALING,,,,,,,,,,,,,,,,,,
655e90b7533c148e6b6b7e57,1,2,3,4,5,6,7,8,9,Logcat-Basic_Tests-VoiceCall_Basic-1-DUT-R5CT92MKZEY--07262023032419.txt,2023-07-26 17:23:49.234,Telephony,,,,,,,,,,,,,,,,,,,,,,,,,, GsmConnection,"Telephony: GsmConnection: onStateChanged,"," onStateChanged,",DIALING,,,,,,,,,,,,,,,,,,
655e90b7533c148e6b6b7e59,1,2,3,4,5,6,7,8,9,Logcat-Basic_Tests-VoiceCall_Basic-1-DUT-R5CT92MKZEY--07262023032419.txt,2023-07-26 17:23:49.234,Telephony,,,,,,,,,,,,,,,,,,,,,,,,,, GsmConnection,"Telephony: GsmConnection: onStateChanged,"," onStateChanged,",DIALING,,,,,,,,,,,,,,,,,,
655e90b7533c148e6b6b7e5b,1,2,3,4,5,6,7,8,9,Logcat-Basic_Tests-VoiceCall_Basic-1-DUT-R5CT92MKZEY--07262023032419.txt,2023-07-26 17:23:49.269,Telephony,,,,,,,,,,,,,,,,,,,,,,,,,, GsmConnection,Telephony: GsmConnection: Update state , Update state ,from DIALING to DIALING for TC@333_1,,,,,,,,,,,,,,,,,,
655e90b7533c148e6b6b7e5d,1,2,3,4,5,6,7,8,9,Logcat-Basic_Tests-VoiceCall_Basic-1-DUT-R5CT92MKZEY--07262023032419.txt,2023-07-26 17:23:49.309,Telephony,,,,,,,,,,,,,,,,,,,,,,,,,, GsmConnection,Telephony: GsmConnection: Update state , Update state ,from DIALING to DIALING for TC@333_1,,,,,,,,,,,,,,,,,,
655e90b7533c148e6b6b7e5f,1,2,3,4,5,6,7,8,9,Logcat-Basic_Tests-VoiceCall_Basic-1-DUT-R5CT92MKZEY--07262023032419.txt,2023-07-26 17:23:50.190,Telephony,,,,,,,,,,,,,,,,,,,,,,,,,, GsmConnection,"Telephony: GsmConnection: setAudioQuality,"," setAudioQuality,",,,,,,,,,,,,,,,,,,1,
655e90b7533c148e6b6b7e61,1,2,3,4,5,6,7,8,9,Logcat-Basic_Tests-VoiceCall_Basic-1-DUT-R5CT92MKZEY--07262023032419.txt,2023-07-26 17:23:50.192,Telephony,,,,,,,,,,,,,,,,,,,,,,,,,, GsmConnection,Telephony: GsmConnection: setCallRadioTech:, setCallRadioTech,,,,,,,,,,,,,,,,,LTE,,
655e90b7533c148e6b6b7e63,1,2,3,4,5,6,7,8,9,Logcat-Basic_Tests-VoiceCall_Basic-1-DUT-R5CT92MKZEY--07262023032419.txt,2023-07-26 17:23:50.201,Telephony,,,,,,,,,,,,,,,,,,,,,,,,,, GsmConnection,Telephony: GsmConnection: Update state , Update state ,from DIALING to DIALING for TC@333_1,,,,,,,,,,,,,,,,,,
655e90b7533c148e6b6b7e65,1,2,3,4,5,6,7,8,9,Logcat-Basic_Tests-VoiceCall_Basic-1-DUT-R5CT92MKZEY--07262023032419.txt,2023-07-26 17:23:51.932,Telephony,,,,,,,,,,,,,,,,,,,,,,,,,, GsmConnection,Telephony: GsmConnection: refreshCodec:, refreshCodec,,,,,,,,,,,,,,,,,,,"old=0, new=18"
655e90b7533c148e6b6b7e67,1,2,3,4,5,6,7,8,9,Logcat-Basic_Tests-VoiceCall_Basic-1-DUT-R5CT92MKZEY--07262023032419.txt,2023-07-26 17:23:51.934,Telephony,,,,,,,,,,,,,,,,,,,,,,,,,, GsmConnection,"Telephony: GsmConnection: setAudioQuality,"," setAudioQuality,",,,,,,,,,,,,,,,,,,2,
655e90b7533c148e6b6b7e69,1,2,3,4,5,6,7,8,9,Logcat-Basic_Tests-VoiceCall_Basic-1-DUT-R5CT92MKZEY--07262023032419.txt,2023-07-26 17:23:51.958,Telephony,,,,,,,,,,,,,,,,,,,,,,,,,, GsmConnection,Telephony: GsmConnection: Update state , Update state ,from DIALING to ALERTING for TC@333_1,,,,,,,,,,,,,,,,,,
655e90b7533c148e6b6b7e6b,1,2,3,4,5,6,7,8,9,Logcat-Basic_Tests-VoiceCall_Basic-1-DUT-R5CT92MKZEY--07262023032419.txt,2023-07-26 17:23:51.963,Telephony,,,,,,,,,,,,,,,,,,,,,,,,,, GsmConnection,Telephony: GsmConnection: updateState , updateState ,ALERTING,,,,,,,,,,,,,,,,,,
655e90b7533c148e6b6b7e6d,1,2,3,4,5,6,7,8,9,Logcat-Basic_Tests-VoiceCall_Basic-1-DUT-R5CT92MKZEY--07262023032419.txt,2023-07-26 17:23:51.964,Telephony,,,,,,,,,,,,,,,,,,,,,,,,,, GsmConnection,"Telephony: GsmConnection: onStateChanged,"," onStateChanged,",DIALING,,,,,,,,,,,,,,,,,,
655e90b7533c148e6b6b7e6f,1,2,3,4,5,6,7,8,9,Logcat-Basic_Tests-VoiceCall_Basic-1-DUT-R5CT92MKZEY--07262023032419.txt,2023-07-26 17:23:58.373,Telephony,,,,,,,,,,,,,,,,,,,,,,,,,, GsmConnection,Telephony: GsmConnection: Update state , Update state ,from ALERTING to ACTIVE for TC@333_1,,,,,,,,,,,,,,,,,,
655e90b7533c148e6b6b7e71,1,2,3,4,5,6,7,8,9,Logcat-Basic_Tests-VoiceCall_Basic-1-DUT-R5CT92MKZEY--07262023032419.txt,2023-07-26 17:23:58.377,Telephony,,,,,,,,,,,,,,,,,,,,,,,,,, GsmConnection,Telephony: GsmConnection: updateState , updateState ,ACTIVE,,,,,,,,,,,,,,,,,,
655e90b7533c148e6b6b7e73,1,2,3,4,5,6,7,8,9,Logcat-Basic_Tests-VoiceCall_Basic-1-DUT-R5CT92MKZEY--07262023032419.txt,2023-07-26 17:23:58.377,Telephony,,,,,,,,,,,,,,,,,,,,,,,,,, GsmConnection,"Telephony: GsmConnection: onStateChanged,"," onStateChanged,",ACTIVE,,,,,,,,,,,,,,,,,,
655e90b7533c148e6b6b7e75,1,2,3,4,5,6,7,8,9,Logcat-Basic_Tests-VoiceCall_Basic-1-DUT-R5CT92MKZEY--07262023032419.txt,2023-07-26 17:24:16.182,Telephony,,,,,,,,,,,,,,,,,,,,,,,,,, GsmConnection,Telephony: GsmConnection: Update state , Update state ,from ACTIVE to DISCONNECTING for TC@333_1,,,,,,,,,,,,,,,,,,
655e90b8533c148e6b6b7e77,1,2,3,4,5,6,7,8,9,Logcat-Basic_Tests-VoiceCall_Basic-1-DUT-R5CT92MKZEY--07262023032419.txt,2023-07-26 17:24:16.183,Telephony,,,,,,,,,,,,,,,,,,,,,,,,,, GsmConnection,Telephony: GsmConnection: updateState , updateState ,DISCONNECTING,,,,,,,,,,,,,,,,,,
655e90b8533c148e6b6b7e79,1,2,3,4,5,6,7,8,9,Logcat-Basic_Tests-VoiceCall_Basic-1-DUT-R5CT92MKZEY--07262023032419.txt,2023-07-26 17:24:16.428,Telephony,,,,,,,,,,,,,,,,,,,,,,,,,, GsmConnection,Telephony: GsmConnection: Update state , Update state ,from DISCONNECTING to DISCONNECTED for TC@333_1,,,,,,,,,,,,,,,,,,
655e90b8533c148e6b6b7e7b,1,2,3,4,5,6,7,8,9,Logcat-Basic_Tests-VoiceCall_Basic-1-DUT-R5CT92MKZEY--07262023032419.txt,2023-07-26 17:24:16.435,Telephony,,,,,,,,,,,,,,,,,,,,,,,,,, GsmConnection,Telephony: GsmConnection: updateState , updateState ,DISCONNECTED,,,,,,,,,,,,,,,,,,
655e90b8533c148e6b6b7e7d,1,2,3,4,5,6,7,8,9,Logcat-Basic_Tests-VoiceCall_Basic-1-DUT-R5CT92MKZEY--07262023032419.txt,2023-07-26 17:24:16.447,Telephony,,,,,,,,,,,,,,,,,,,,,,,,,, GsmConnection,"Telephony: GsmConnection: onStateChanged,"," onStateChanged,",DISCONNECTED,,,,,,,,,,,,,,,,,,
655e90b8533c148e6b6b7e7f,1,2,3,4,5,6,7,8,9,Logcat-Basic_Tests-VoiceCall_Basic-1-DUT-R5CT92MKZEY--07262023032419.txt,2023-07-26 17:24:16.471,Telephony,,,,,,,,,,,,,,,,,,,,,,,,,, GsmConnection,Telephony: GsmConnection: refreshCodec:, refreshCodec,,,,,,,,,,,,,,,,,,,"old=18, new=0"
