_id,Filename,PROJECT_NAME,PROJECTID,TEST_CASE_NAME,TCID,TESTEXECID,ITERATIONID,DeviceType,ID,CURRENT_ITERATION_NUMBER,Timestamp,Type,Call ID,Event,Method,Sub-Event,Value,State,Value.value,Reason,Imsreason,alphaLong,mnc,nrArfcn,level,asulevel,csiCqiTableIndex,parametersUseForLevel,csiCqiReport,rsrp,mcc,bands,csiRsrp,mAdditionalPlmns,csiRsrq,sinr,nci,rsrq,tac,pci,alphaShort,fromCode,message,network,override
65484482a265870e35de2180,Logcat-AirplaneModeTests-voiceCall-1-DUT-ZY22H9L964--11042023084216_ExecID-1823653_IterID-13.txt,1,2,3,4,5,6,7,8,9,2023-11-04 20:41:19.989,Telecom,11,Event: RecordEntry ,Event: RecordEntry TC@11: CREATED, CREATED,,null;requestedAcct:none,,,,,,,,,,,,,,,,,,,,,,,,,,,
65484482a265870e35de2181,Logcat-AirplaneModeTests-voiceCall-1-DUT-ZY22H9L964--11042023084216_ExecID-1823653_IterID-13.txt,1,2,3,4,5,6,7,8,9,2023-11-04 20:41:20.036,Telecom,11,Event: RecordEntry ,Event: RecordEntry TC@11: SET_CONNECTING, SET_CONNECTING,UserHandle{0},,,,,,,,,,,,,,,,,,,,,,,,,,,,
65484482a265870e35de2182,Logcat-AirplaneModeTests-voiceCall-1-DUT-ZY22H9L964--11042023084216_ExecID-1823653_IterID-13.txt,1,2,3,4,5,6,7,8,9,2023-11-04 20:41:20.045,Telecom,11,InCallController,InCallController: onCallAdded, onCallAdded,tel:+13526739015,,,,,,,,,,,,,,,,,,,,,,,,,,,,
65484482a265870e35de2183,Logcat-AirplaneModeTests-voiceCall-1-DUT-ZY22H9L964--11042023084216_ExecID-1823653_IterID-13.txt,1,2,3,4,5,6,7,8,9,2023-11-04 20:41:20.203,Telecom,11,InCallController,InCallController: Sending updateCall , Sending updateCall ,,CONNECTING,,,,,,,,,,,,,,,,,,,,,,,,,,,
65484482a265870e35de2184,Logcat-AirplaneModeTests-voiceCall-1-DUT-ZY22H9L964--11042023084216_ExecID-1823653_IterID-13.txt,1,2,3,4,5,6,7,8,9,2023-11-04 20:41:20.325,Telecom,11,Event: RecordEntry ,Event: RecordEntry TC@11: START_CONNECTION, START_CONNECTION,%2B13526739015,,,,,,,,,,,,,,,,,,,,,,,,,,,,
65484482a265870e35de2185,Logcat-AirplaneModeTests-voiceCall-1-DUT-ZY22H9L964--11042023084216_ExecID-1823653_IterID-13.txt,1,2,3,4,5,6,7,8,9,2023-11-04 20:41:20.551,Telecom,11,InCallController,InCallController: Sending updateCall , Sending updateCall ,,CONNECTING,,,,,,,,,,,,,,,,,,,,,,,,,,,
65484482a265870e35de2186,Logcat-AirplaneModeTests-voiceCall-1-DUT-ZY22H9L964--11042023084216_ExecID-1823653_IterID-13.txt,1,2,3,4,5,6,7,8,9,2023-11-04 20:41:20.553,Telecom,11,Event: RecordEntry ,Event: RecordEntry TC@11: SET_DIALING, SET_DIALING,successful outgoing call,,,,,,,,,,,,,,,,,,,,,,,,,,,,
65484482a265870e35de2187,Logcat-AirplaneModeTests-voiceCall-1-DUT-ZY22H9L964--11042023084216_ExecID-1823653_IterID-13.txt,1,2,3,4,5,6,7,8,9,2023-11-04 20:41:20.579,Telecom,11,InCallController,InCallController: Sending updateCall , Sending updateCall ,,DIALING,,,,,,,,,,,,,,,,,,,,,,,,,,,
65484482a265870e35de2188,Logcat-AirplaneModeTests-voiceCall-1-DUT-ZY22H9L964--11042023084216_ExecID-1823653_IterID-13.txt,1,2,3,4,5,6,7,8,9,2023-11-04 20:41:20.597,Telecom,11,InCallController,InCallController: Sending updateCall , Sending updateCall ,,DIALING,,,,,,,,,,,,,,,,,,,,,,,,,,,
65484482a265870e35de2189,Logcat-AirplaneModeTests-voiceCall-1-DUT-ZY22H9L964--11042023084216_ExecID-1823653_IterID-13.txt,1,2,3,4,5,6,7,8,9,2023-11-04 20:41:20.602,Telecom,11,InCallController,InCallController: Sending updateCall , Sending updateCall ,,DIALING,,,,,,,,,,,,,,,,,,,,,,,,,,,
65484482a265870e35de218a,Logcat-AirplaneModeTests-voiceCall-1-DUT-ZY22H9L964--11042023084216_ExecID-1823653_IterID-13.txt,1,2,3,4,5,6,7,8,9,2023-11-04 20:41:20.651,Telecom,11,InCallController,InCallController: Sending updateCall , Sending updateCall ,,DIALING,,,,,,,,,,,,,,,,,,,,,,,,,,,
65484482a265870e35de218b,Logcat-AirplaneModeTests-voiceCall-1-DUT-ZY22H9L964--11042023084216_ExecID-1823653_IterID-13.txt,1,2,3,4,5,6,7,8,9,2023-11-04 20:41:20.665,Telecom,11,InCallController,InCallController: Sending updateCall , Sending updateCall ,,DIALING,,,,,,,,,,,,,,,,,,,,,,,,,,,
65484482a265870e35de218c,Logcat-AirplaneModeTests-voiceCall-1-DUT-ZY22H9L964--11042023084216_ExecID-1823653_IterID-13.txt,1,2,3,4,5,6,7,8,9,2023-11-04 20:41:20.700,Telecom,11,InCallController,InCallController: Sending updateCall , Sending updateCall ,,DIALING,,,,,,,,,,,,,,,,,,,,,,,,,,,
65484482a265870e35de218d,Logcat-AirplaneModeTests-voiceCall-1-DUT-ZY22H9L964--11042023084216_ExecID-1823653_IterID-13.txt,1,2,3,4,5,6,7,8,9,2023-11-04 20:41:20.701,Telecom,11,InCallController,InCallController: Sending updateCall , Sending updateCall ,,DIALING,,,,,,,,,,,,,,,,,,,,,,,,,,,
65484482a265870e35de218e,Logcat-AirplaneModeTests-voiceCall-1-DUT-ZY22H9L964--11042023084216_ExecID-1823653_IterID-13.txt,1,2,3,4,5,6,7,8,9,2023-11-04 20:41:20.722,Telecom,11,InCallController,InCallController: Sending updateCall , Sending updateCall ,,DIALING,,,,,,,,,,,,,,,,,,,,,,,,,,,
65484482a265870e35de218f,Logcat-AirplaneModeTests-voiceCall-1-DUT-ZY22H9L964--11042023084216_ExecID-1823653_IterID-13.txt,1,2,3,4,5,6,7,8,9,2023-11-04 20:41:20.724,Telecom,11,InCallController,InCallController: Sending updateCall , Sending updateCall ,,DIALING,,,,,,,,,,,,,,,,,,,,,,,,,,,
65484482a265870e35de2190,Logcat-AirplaneModeTests-voiceCall-1-DUT-ZY22H9L964--11042023084216_ExecID-1823653_IterID-13.txt,1,2,3,4,5,6,7,8,9,2023-11-04 20:41:20.725,Telecom,11,InCallController,InCallController: Sending updateCall , Sending updateCall ,,DIALING,,,,,,,,,,,,,,,,,,,,,,,,,,,
65484482a265870e35de2191,Logcat-AirplaneModeTests-voiceCall-1-DUT-ZY22H9L964--11042023084216_ExecID-1823653_IterID-13.txt,1,2,3,4,5,6,7,8,9,2023-11-04 20:41:20.726,Telecom,11,InCallController,InCallController: Sending updateCall , Sending updateCall ,,DIALING,,,,,,,,,,,,,,,,,,,,,,,,,,,
65484482a265870e35de2192,Logcat-AirplaneModeTests-voiceCall-1-DUT-ZY22H9L964--11042023084216_ExecID-1823653_IterID-13.txt,1,2,3,4,5,6,7,8,9,2023-11-04 20:41:20.728,Telecom,11,InCallController,InCallController: Sending updateCall , Sending updateCall ,,DIALING,,,,,,,,,,,,,,,,,,,,,,,,,,,
65484482a265870e35de2193,Logcat-AirplaneModeTests-voiceCall-1-DUT-ZY22H9L964--11042023084216_ExecID-1823653_IterID-13.txt,1,2,3,4,5,6,7,8,9,2023-11-04 20:41:20.742,Telecom,11,InCallController,InCallController: Sending updateCall , Sending updateCall ,,DIALING,,,,,,,,,,,,,,,,,,,,,,,,,,,
65484482a265870e35de2194,Logcat-AirplaneModeTests-voiceCall-1-DUT-ZY22H9L964--11042023084216_ExecID-1823653_IterID-13.txt,1,2,3,4,5,6,7,8,9,2023-11-04 20:41:22.014,Telecom,11,InCallController,InCallController: Sending updateCall , Sending updateCall ,,DIALING,,,,,,,,,,,,,,,,,,,,,,,,,,,
65484482a265870e35de2195,Logcat-AirplaneModeTests-voiceCall-1-DUT-ZY22H9L964--11042023084216_ExecID-1823653_IterID-13.txt,1,2,3,4,5,6,7,8,9,2023-11-04 20:41:22.017,Telecom,11,InCallController,InCallController: Sending updateCall , Sending updateCall ,,DIALING,,,,,,,,,,,,,,,,,,,,,,,,,,,
65484482a265870e35de2196,Logcat-AirplaneModeTests-voiceCall-1-DUT-ZY22H9L964--11042023084216_ExecID-1823653_IterID-13.txt,1,2,3,4,5,6,7,8,9,2023-11-04 20:41:22.033,Telecom,11,InCallController,InCallController: Sending updateCall , Sending updateCall ,,DIALING,,,,,,,,,,,,,,,,,,,,,,,,,,,
65484482a265870e35de2197,Logcat-AirplaneModeTests-voiceCall-1-DUT-ZY22H9L964--11042023084216_ExecID-1823653_IterID-13.txt,1,2,3,4,5,6,7,8,9,2023-11-04 20:41:22.035,Telecom,11,InCallController,InCallController: Sending updateCall , Sending updateCall ,,DIALING,,,,,,,,,,,,,,,,,,,,,,,,,,,
65484482a265870e35de2198,Logcat-AirplaneModeTests-voiceCall-1-DUT-ZY22H9L964--11042023084216_ExecID-1823653_IterID-13.txt,1,2,3,4,5,6,7,8,9,2023-11-04 20:41:22.048,Telecom,11,InCallController,InCallController: Sending updateCall , Sending updateCall ,,DIALING,,,,,,,,,,,,,,,,,,,,,,,,,,,
65484482a265870e35de2199,Logcat-AirplaneModeTests-voiceCall-1-DUT-ZY22H9L964--11042023084216_ExecID-1823653_IterID-13.txt,1,2,3,4,5,6,7,8,9,2023-11-04 20:41:22.050,Telecom,11,InCallController,InCallController: Sending updateCall , Sending updateCall ,,DIALING,,,,,,,,,,,,,,,,,,,,,,,,,,,
65484482a265870e35de219a,Logcat-AirplaneModeTests-voiceCall-1-DUT-ZY22H9L964--11042023084216_ExecID-1823653_IterID-13.txt,1,2,3,4,5,6,7,8,9,2023-11-04 20:41:22.052,Telecom,11,InCallController,InCallController: Sending updateCall , Sending updateCall ,,DIALING,,,,,,,,,,,,,,,,,,,,,,,,,,,
65484482a265870e35de219b,Logcat-AirplaneModeTests-voiceCall-1-DUT-ZY22H9L964--11042023084216_ExecID-1823653_IterID-13.txt,1,2,3,4,5,6,7,8,9,2023-11-04 20:41:22.084,Telecom,11,InCallController,InCallController: Sending updateCall , Sending updateCall ,,DIALING,,,,,,,,,,,,,,,,,,,,,,,,,,,
65484482a265870e35de219c,Logcat-AirplaneModeTests-voiceCall-1-DUT-ZY22H9L964--11042023084216_ExecID-1823653_IterID-13.txt,1,2,3,4,5,6,7,8,9,2023-11-04 20:41:22.494,Telecom,11,InCallController,InCallController: Sending updateCall , Sending updateCall ,,DIALING,,,,,,,,,,,,,,,,,,,,,,,,,,,
65484482a265870e35de219d,Logcat-AirplaneModeTests-voiceCall-1-DUT-ZY22H9L964--11042023084216_ExecID-1823653_IterID-13.txt,1,2,3,4,5,6,7,8,9,2023-11-04 20:41:23.066,Telecom,11,Event: RecordEntry ,Event: RecordEntry TC@11: START_RINGBACK, START_RINGBACK,,,,,,,,,,,,,,,,,,,,,,,,,,,,,
65484482a265870e35de219e,Logcat-AirplaneModeTests-voiceCall-1-DUT-ZY22H9L964--11042023084216_ExecID-1823653_IterID-13.txt,1,2,3,4,5,6,7,8,9,2023-11-04 20:41:23.067,Telecom,11,InCallController,InCallController: Sending updateCall , Sending updateCall ,,DIALING,,,,,,,,,,,,,,,,,,,,,,,,,,,
65484482a265870e35de219f,Logcat-AirplaneModeTests-voiceCall-1-DUT-ZY22H9L964--11042023084216_ExecID-1823653_IterID-13.txt,1,2,3,4,5,6,7,8,9,2023-11-04 20:41:23.081,Telecom,11,InCallController,InCallController: Sending updateCall , Sending updateCall ,,DIALING,,,,,,,,,,,,,,,,,,,,,,,,,,,
65484482a265870e35de21a0,Logcat-AirplaneModeTests-voiceCall-1-DUT-ZY22H9L964--11042023084216_ExecID-1823653_IterID-13.txt,1,2,3,4,5,6,7,8,9,2023-11-04 20:41:23.140,Telecom,11,InCallController,InCallController: Sending updateCall , Sending updateCall ,,DIALING,,,,,,,,,,,,,,,,,,,,,,,,,,,
65484482a265870e35de21a1,Logcat-AirplaneModeTests-voiceCall-1-DUT-ZY22H9L964--11042023084216_ExecID-1823653_IterID-13.txt,1,2,3,4,5,6,7,8,9,2023-11-04 20:41:23.164,Telecom,11,InCallController,InCallController: Sending updateCall , Sending updateCall ,,DIALING,,,,,,,,,,,,,,,,,,,,,,,,,,,
65484482a265870e35de21a2,Logcat-AirplaneModeTests-voiceCall-1-DUT-ZY22H9L964--11042023084216_ExecID-1823653_IterID-13.txt,1,2,3,4,5,6,7,8,9,2023-11-04 20:41:23.173,Telecom,11,InCallController,InCallController: Sending updateCall , Sending updateCall ,,DIALING,,,,,,,,,,,,,,,,,,,,,,,,,,,
65484482a265870e35de21a3,Logcat-AirplaneModeTests-voiceCall-1-DUT-ZY22H9L964--11042023084216_ExecID-1823653_IterID-13.txt,1,2,3,4,5,6,7,8,9,2023-11-04 20:41:42.898,Telecom,11,InCallController,InCallController: Sending updateCall , Sending updateCall ,,DIALING,,,,,,,,,,,,,,,,,,,,,,,,,,,
65484482a265870e35de21a4,Logcat-AirplaneModeTests-voiceCall-1-DUT-ZY22H9L964--11042023084216_ExecID-1823653_IterID-13.txt,1,2,3,4,5,6,7,8,9,2023-11-04 20:41:42.916,Telecom,11,InCallController,InCallController: Sending updateCall , Sending updateCall ,,DIALING,,,,,,,,,,,,,,,,,,,,,,,,,,,
65484482a265870e35de21a5,Logcat-AirplaneModeTests-voiceCall-1-DUT-ZY22H9L964--11042023084216_ExecID-1823653_IterID-13.txt,1,2,3,4,5,6,7,8,9,2023-11-04 20:41:42.922,Telecom,11,InCallController,InCallController: Sending updateCall , Sending updateCall ,,DIALING,,,,,,,,,,,,,,,,,,,,,,,,,,,
65484482a265870e35de21a6,Logcat-AirplaneModeTests-voiceCall-1-DUT-ZY22H9L964--11042023084216_ExecID-1823653_IterID-13.txt,1,2,3,4,5,6,7,8,9,2023-11-04 20:41:42.985,Telecom,11,InCallController,InCallController: Sending updateCall , Sending updateCall ,,DIALING,,,,,,,,,,,,,,,,,,,,,,,,,,,
65484482a265870e35de21a7,Logcat-AirplaneModeTests-voiceCall-1-DUT-ZY22H9L964--11042023084216_ExecID-1823653_IterID-13.txt,1,2,3,4,5,6,7,8,9,2023-11-04 20:41:42.988,Telecom,11,InCallController,InCallController: Sending updateCall , Sending updateCall ,,DIALING,,,,,,,,,,,,,,,,,,,,,,,,,,,
65484482a265870e35de21a8,Logcat-AirplaneModeTests-voiceCall-1-DUT-ZY22H9L964--11042023084216_ExecID-1823653_IterID-13.txt,1,2,3,4,5,6,7,8,9,2023-11-04 20:41:42.995,Telecom,11,InCallController,InCallController: Sending updateCall , Sending updateCall ,,DIALING,,,,,,,,,,,,,,,,,,,,,,,,,,,
65484482a265870e35de21a9,Logcat-AirplaneModeTests-voiceCall-1-DUT-ZY22H9L964--11042023084216_ExecID-1823653_IterID-13.txt,1,2,3,4,5,6,7,8,9,2023-11-04 20:41:43.026,Telecom,11,InCallController,InCallController: Sending updateCall , Sending updateCall ,,DIALING,,,,,,,,,,,,,,,,,,,,,,,,,,,
65484482a265870e35de21aa,Logcat-AirplaneModeTests-voiceCall-1-DUT-ZY22H9L964--11042023084216_ExecID-1823653_IterID-13.txt,1,2,3,4,5,6,7,8,9,2023-11-04 20:41:43.029,Telecom,11,InCallController,InCallController: Sending updateCall , Sending updateCall ,,DIALING,,,,,,,,,,,,,,,,,,,,,,,,,,,
65484482a265870e35de21ab,Logcat-AirplaneModeTests-voiceCall-1-DUT-ZY22H9L964--11042023084216_ExecID-1823653_IterID-13.txt,1,2,3,4,5,6,7,8,9,2023-11-04 20:41:43.040,Telecom,11,InCallController,InCallController: Sending updateCall , Sending updateCall ,,DIALING,,,,,,,,,,,,,,,,,,,,,,,,,,,
65484482a265870e35de21ac,Logcat-AirplaneModeTests-voiceCall-1-DUT-ZY22H9L964--11042023084216_ExecID-1823653_IterID-13.txt,1,2,3,4,5,6,7,8,9,2023-11-04 20:41:43.087,Telecom,11,InCallController,InCallController: Sending updateCall , Sending updateCall ,,DIALING,,,,,,,,,,,,,,,,,,,,,,,,,,,
65484482a265870e35de21ad,Logcat-AirplaneModeTests-voiceCall-1-DUT-ZY22H9L964--11042023084216_ExecID-1823653_IterID-13.txt,1,2,3,4,5,6,7,8,9,2023-11-04 20:41:43.124,Telecom,11,InCallController,InCallController: Sending updateCall , Sending updateCall ,,DIALING,,,,,,,,,,,,,,,,,,,,,,,,,,,
65484482a265870e35de21ae,Logcat-AirplaneModeTests-voiceCall-1-DUT-ZY22H9L964--11042023084216_ExecID-1823653_IterID-13.txt,1,2,3,4,5,6,7,8,9,2023-11-04 20:41:43.143,Telecom,11,InCallController,InCallController: Sending updateCall , Sending updateCall ,,DIALING,,,,,,,,,,,,,,,,,,,,,,,,,,,
65484482a265870e35de21af,Logcat-AirplaneModeTests-voiceCall-1-DUT-ZY22H9L964--11042023084216_ExecID-1823653_IterID-13.txt,1,2,3,4,5,6,7,8,9,2023-11-04 20:41:43.163,Telecom,11,InCallController,InCallController: Sending updateCall , Sending updateCall ,,DIALING,,,,,,,,,,,,,,,,,,,,,,,,,,,
65484482a265870e35de21b0,Logcat-AirplaneModeTests-voiceCall-1-DUT-ZY22H9L964--11042023084216_ExecID-1823653_IterID-13.txt,1,2,3,4,5,6,7,8,9,2023-11-04 20:41:43.166,Telecom,11,InCallController,InCallController: Sending updateCall , Sending updateCall ,,DIALING,,,,,,,,,,,,,,,,,,,,,,,,,,,
65484482a265870e35de21b1,Logcat-AirplaneModeTests-voiceCall-1-DUT-ZY22H9L964--11042023084216_ExecID-1823653_IterID-13.txt,1,2,3,4,5,6,7,8,9,2023-11-04 20:41:43.178,Telecom,11,InCallController,InCallController: Sending updateCall , Sending updateCall ,,ACTIVE,,,,,,,,,,,,,,,,,,,,,,,,,,,
65484482a265870e35de21b2,Logcat-AirplaneModeTests-voiceCall-1-DUT-ZY22H9L964--11042023084216_ExecID-1823653_IterID-13.txt,1,2,3,4,5,6,7,8,9,2023-11-04 20:41:43.200,Telecom,11,InCallController,InCallController: Sending updateCall , Sending updateCall ,,ACTIVE,,,,,,,,,,,,,,,,,,,,,,,,,,,
65484482a265870e35de21b3,Logcat-AirplaneModeTests-voiceCall-1-DUT-ZY22H9L964--11042023084216_ExecID-1823653_IterID-13.txt,1,2,3,4,5,6,7,8,9,2023-11-04 20:41:43.202,Telecom,11,InCallController,InCallController: Sending updateCall , Sending updateCall ,,ACTIVE,,,,,,,,,,,,,,,,,,,,,,,,,,,
65484482a265870e35de21b4,Logcat-AirplaneModeTests-voiceCall-1-DUT-ZY22H9L964--11042023084216_ExecID-1823653_IterID-13.txt,1,2,3,4,5,6,7,8,9,2023-11-04 20:41:43.204,Telecom,11,InCallController,InCallController: Sending updateCall , Sending updateCall ,,ACTIVE,,,,,,,,,,,,,,,,,,,,,,,,,,,
65484482a265870e35de21b5,Logcat-AirplaneModeTests-voiceCall-1-DUT-ZY22H9L964--11042023084216_ExecID-1823653_IterID-13.txt,1,2,3,4,5,6,7,8,9,2023-11-04 20:41:43.227,Telecom,11,InCallController,InCallController: Sending updateCall , Sending updateCall ,,ACTIVE,,,,,,,,,,,,,,,,,,,,,,,,,,,
65484482a265870e35de21b6,Logcat-AirplaneModeTests-voiceCall-1-DUT-ZY22H9L964--11042023084216_ExecID-1823653_IterID-13.txt,1,2,3,4,5,6,7,8,9,2023-11-04 20:41:43.248,Telecom,11,InCallController,InCallController: Sending updateCall , Sending updateCall ,,ACTIVE,,,,,,,,,,,,,,,,,,,,,,,,,,,
65484482a265870e35de21b7,Logcat-AirplaneModeTests-voiceCall-1-DUT-ZY22H9L964--11042023084216_ExecID-1823653_IterID-13.txt,1,2,3,4,5,6,7,8,9,2023-11-04 20:41:43.259,Telecom,11,InCallController,InCallController: Sending updateCall , Sending updateCall ,,ACTIVE,,,,,,,,,,,,,,,,,,,,,,,,,,,
65484482a265870e35de21b8,Logcat-AirplaneModeTests-voiceCall-1-DUT-ZY22H9L964--11042023084216_ExecID-1823653_IterID-13.txt,1,2,3,4,5,6,7,8,9,2023-11-04 20:41:43.273,Telecom,11,InCallController,InCallController: Sending updateCall , Sending updateCall ,,ACTIVE,,,,,,,,,,,,,,,,,,,,,,,,,,,
65484482a265870e35de21b9,Logcat-AirplaneModeTests-voiceCall-1-DUT-ZY22H9L964--11042023084216_ExecID-1823653_IterID-13.txt,1,2,3,4,5,6,7,8,9,2023-11-04 20:41:52.248,Telecom,11,InCallController,InCallController: Sending updateCall , Sending updateCall ,,ACTIVE,,,,,,,,,,,,,,,,,,,,,,,,,,,
65484482a265870e35de21ba,Logcat-AirplaneModeTests-voiceCall-1-DUT-ZY22H9L964--11042023084216_ExecID-1823653_IterID-13.txt,1,2,3,4,5,6,7,8,9,2023-11-04 20:41:52.268,Telecom,11,InCallController,InCallController: Sending updateCall , Sending updateCall ,,ACTIVE,,,,,,,,,,,,,,,,,,,,,,,,,,,
65484482a265870e35de21bb,Logcat-AirplaneModeTests-voiceCall-1-DUT-ZY22H9L964--11042023084216_ExecID-1823653_IterID-13.txt,1,2,3,4,5,6,7,8,9,2023-11-04 20:41:52.277,Telecom,11,InCallController,InCallController: Sending updateCall , Sending updateCall ,,ACTIVE,,,,,,,,,,,,,,,,,,,,,,,,,,,
65484482a265870e35de21bc,Logcat-AirplaneModeTests-voiceCall-1-DUT-ZY22H9L964--11042023084216_ExecID-1823653_IterID-13.txt,1,2,3,4,5,6,7,8,9,2023-11-04 20:41:52.279,Telecom,11,Event: RecordEntry ,Event: RecordEntry TC@11: SET_DISCONNECTED, SET_DISCONNECTED,,,,NORMAL,"510 CODE_USER_TERMINATED_BY_REMOTE, 0, null",,,,,,,,,,,,,,,,,,,,,,,,
65484482a265870e35de21bd,Logcat-AirplaneModeTests-voiceCall-1-DUT-ZY22H9L964--11042023084216_ExecID-1823653_IterID-13.txt,1,2,3,4,5,6,7,8,9,2023-11-04 20:41:52.289,Telecom,11,InCallController,InCallController: Sending updateCall , Sending updateCall ,,DISCONNECTED,,,,,,,,,,,,,,,,,,,,,,,,,,,
65484482a265870e35de21be,Logcat-AirplaneModeTests-voiceCall-1-DUT-ZY22H9L964--11042023084216_ExecID-1823653_IterID-13.txt,1,2,3,4,5,6,7,8,9,2023-11-04 20:41:52.319,Telecom,11,InCallController,InCallController: Sending updateCall , Sending updateCall ,,DISCONNECTED,,,,,,,,,,,,,,,,,,,,,,,,,,,
65484482a265870e35de21bf,Logcat-AirplaneModeTests-voiceCall-1-DUT-ZY22H9L964--11042023084216_ExecID-1823653_IterID-13.txt,1,2,3,4,5,6,7,8,9,2023-11-04 20:41:52.336,Telecom,11,InCallController,InCallController: Sending updateCall , Sending updateCall ,,DISCONNECTED,,,,,,,,,,,,,,,,,,,,,,,,,,,
65484482a265870e35de21c0,Logcat-AirplaneModeTests-voiceCall-1-DUT-ZY22H9L964--11042023084216_ExecID-1823653_IterID-13.txt,1,2,3,4,5,6,7,8,9,2023-11-04 20:41:52.337,Telecom,11,InCallController,InCallController: Sending updateCall , Sending updateCall ,,DISCONNECTED,,,,,,,,,,,,,,,,,,,,,,,,,,,
65484482a265870e35de21c1,Logcat-AirplaneModeTests-voiceCall-1-DUT-ZY22H9L964--11042023084216_ExecID-1823653_IterID-13.txt,1,2,3,4,5,6,7,8,9,2023-11-04 20:41:52.341,Telecom,11,Event: RecordEntry ,Event: RecordEntry TC@11: DESTROYED, DESTROYED,null,,,,,,,,,,,,,,,,,,,,,,,,,,,,
65484482a265870e35de21c2,Logcat-AirplaneModeTests-voiceCall-1-DUT-ZY22H9L964--11042023084216_ExecID-1823653_IterID-13.txt,1,2,3,4,5,6,7,8,9,2023-11-04 20:41:53.750,STFService,,STFService,STFService: sendNetworkClass:  CellSignalNr:, CellSignalNr:,,,,,,"Boost,","340,","129370,","1,","41,","unknown,","-99,","[],","-99,","313,","[71],","unknown,","{},","unknown,","12,","3584024771,","-15,","87697,","70,",BST},,,,
65484482a265870e35de21c3,Logcat-AirplaneModeTests-voiceCall-1-DUT-ZY22H9L964--11042023084216_ExecID-1823653_IterID-13.txt,1,2,3,4,5,6,7,8,9,2023-11-04 20:41:54.758,STFService,,STFService,STFService: sendNetworkClass:  CellSignalNr:, CellSignalNr:,,,,,,"Boost,","340,","129370,","1,","41,","unknown,","-99,","[],","-99,","313,","[71],","unknown,","{},","unknown,","12,","3584024771,","-15,","87697,","70,",BST},,,,
65484482a265870e35de21c4,Logcat-AirplaneModeTests-voiceCall-1-DUT-ZY22H9L964--11042023084216_ExecID-1823653_IterID-13.txt,1,2,3,4,5,6,7,8,9,2023-11-04 20:41:55.768,STFService,,STFService,STFService: sendNetworkClass:  CellSignalNr:, CellSignalNr:,,,,,,"Boost,","340,","129370,","1,","41,","unknown,","-99,","[],","-99,","313,","[71],","unknown,","{},","unknown,","12,","3584024771,","-15,","87697,","70,",BST},,,,
65484482a265870e35de21c5,Logcat-AirplaneModeTests-voiceCall-1-DUT-ZY22H9L964--11042023084216_ExecID-1823653_IterID-13.txt,1,2,3,4,5,6,7,8,9,2023-11-04 20:41:56.780,STFService,,STFService,STFService: sendNetworkClass:  CellSignalNr:, CellSignalNr:,,,,,,"Boost,","340,","129370,","1,","41,","unknown,","-99,","[],","-99,","313,","[71],","unknown,","{},","unknown,","12,","3584024771,","-15,","87697,","70,",BST},,,,
65484482a265870e35de21c6,Logcat-AirplaneModeTests-voiceCall-1-DUT-ZY22H9L964--11042023084216_ExecID-1823653_IterID-13.txt,1,2,3,4,5,6,7,8,9,2023-11-04 20:41:57.791,STFService,,STFService,STFService: sendNetworkClass:  CellSignalNr:, CellSignalNr:,,,,,,"Boost,","340,","129370,","1,","41,","unknown,","-99,","[],","-99,","313,","[71],","unknown,","{},","unknown,","12,","3584024771,","-15,","87697,","70,",BST},,,,
65484482a265870e35de21c7,Logcat-AirplaneModeTests-voiceCall-1-DUT-ZY22H9L964--11042023084216_ExecID-1823653_IterID-13.txt,1,2,3,4,5,6,7,8,9,2023-11-04 20:41:58.803,STFService,,STFService,STFService: sendNetworkClass:  CellSignalNr:, CellSignalNr:,,,,,,"Boost,","340,","129370,","1,","41,","unknown,","-99,","[],","-99,","313,","[71],","unknown,","{},","unknown,","12,","3584024771,","-15,","87697,","70,",BST},,,,
65484482a265870e35de21c8,Logcat-AirplaneModeTests-voiceCall-1-DUT-ZY22H9L964--11042023084216_ExecID-1823653_IterID-13.txt,1,2,3,4,5,6,7,8,9,2023-11-04 20:41:59.812,STFService,,STFService,STFService: sendNetworkClass:  CellSignalNr:, CellSignalNr:,,,,,,"Boost,","340,","129370,","1,","41,","unknown,","-99,","[],","-99,","313,","[71],","unknown,","{},","unknown,","12,","3584024771,","-15,","87697,","70,",BST},,,,
65484482a265870e35de21c9,Logcat-AirplaneModeTests-voiceCall-1-DUT-ZY22H9L964--11042023084216_ExecID-1823653_IterID-13.txt,1,2,3,4,5,6,7,8,9,2023-11-04 20:42:00.835,STFService,,STFService,STFService: sendNetworkClass:  CellSignalNr:, CellSignalNr:,,,,,,"Boost,","340,","129370,","1,","41,","unknown,","-99,","[],","-99,","313,","[71],","unknown,","{},","unknown,","12,","3584024771,","-15,","87697,","70,",BST},,,,
65484482a265870e35de21ca,Logcat-AirplaneModeTests-voiceCall-1-DUT-ZY22H9L964--11042023084216_ExecID-1823653_IterID-13.txt,1,2,3,4,5,6,7,8,9,2023-11-04 20:42:01.846,STFService,,STFService,STFService: sendNetworkClass:  CellSignalNr:, CellSignalNr:,,,,,,"Boost,","340,","129370,","1,","40,","unknown,","-100,","[],","-100,","313,","[71],","unknown,","{},","unknown,","21,","3584024771,","-20,","87697,","70,",BST},,,,
65484482a265870e35de21cb,Logcat-AirplaneModeTests-voiceCall-1-DUT-ZY22H9L964--11042023084216_ExecID-1823653_IterID-13.txt,1,2,3,4,5,6,7,8,9,2023-11-04 20:42:02.863,STFService,,STFService,STFService: sendNetworkClass:  CellSignalNr:, CellSignalNr:,,,,,,"Boost,","340,","129370,","1,","40,","unknown,","-100,","[],","-100,","313,","[71],","unknown,","{},","unknown,","21,","3584024771,","-20,","87697,","70,",BST},,,,
65484482a265870e35de21cc,Logcat-AirplaneModeTests-voiceCall-1-DUT-ZY22H9L964--11042023084216_ExecID-1823653_IterID-13.txt,1,2,3,4,5,6,7,8,9,2023-11-04 20:42:03.885,STFService,,STFService,STFService: sendNetworkClass:  CellSignalNr:, CellSignalNr:,,,,,,"Boost,","340,","129370,","1,","40,","unknown,","-100,","[],","-100,","313,","[71],","unknown,","{},","unknown,","21,","3584024771,","-20,","87697,","70,",BST},,,,
65484482a265870e35de21cd,Logcat-AirplaneModeTests-voiceCall-1-DUT-ZY22H9L964--11042023084216_ExecID-1823653_IterID-13.txt,1,2,3,4,5,6,7,8,9,2023-11-04 20:42:04.906,STFService,,STFService,STFService: sendNetworkClass:  CellSignalNr:, CellSignalNr:,,,,,,"Boost,","340,","129370,","1,","40,","unknown,","-100,","[],","-100,","313,","[71],","unknown,","{},","unknown,","21,","3584024771,","-20,","87697,","70,",BST},,,,
65484482a265870e35de21ce,Logcat-AirplaneModeTests-voiceCall-1-DUT-ZY22H9L964--11042023084216_ExecID-1823653_IterID-13.txt,1,2,3,4,5,6,7,8,9,2023-11-04 20:42:05.920,STFService,,STFService,STFService: sendNetworkClass:  CellSignalNr:, CellSignalNr:,,,,,,"Boost,","340,","129370,","1,","40,","unknown,","-100,","[],","-100,","313,","[71],","unknown,","{},","unknown,","21,","3584024771,","-20,","87697,","70,",BST},,,,
65484482a265870e35de21cf,Logcat-AirplaneModeTests-voiceCall-1-DUT-ZY22H9L964--11042023084216_ExecID-1823653_IterID-13.txt,1,2,3,4,5,6,7,8,9,2023-11-04 20:42:06.938,STFService,,STFService,STFService: sendNetworkClass:  CellSignalNr:, CellSignalNr:,,,,,,"Boost,","340,","129370,","1,","40,","unknown,","-100,","[],","-100,","313,","[71],","unknown,","{},","unknown,","21,","3584024771,","-20,","87697,","70,",BST},,,,
65484482a265870e35de21d0,Logcat-AirplaneModeTests-voiceCall-1-DUT-ZY22H9L964--11042023084216_ExecID-1823653_IterID-13.txt,1,2,3,4,5,6,7,8,9,2023-11-04 20:42:07.954,STFService,,STFService,STFService: sendNetworkClass:  CellSignalNr:, CellSignalNr:,,,,,,"Boost,","340,","129370,","1,","40,","unknown,","-100,","[],","-100,","313,","[71],","unknown,","{},","unknown,","21,","3584024771,","-20,","87697,","70,",BST},,,,
65484482a265870e35de21d1,Logcat-AirplaneModeTests-voiceCall-1-DUT-ZY22H9L964--11042023084216_ExecID-1823653_IterID-13.txt,1,2,3,4,5,6,7,8,9,2023-11-04 20:42:08.972,STFService,,STFService,STFService: sendNetworkClass:  CellSignalNr:, CellSignalNr:,,,,,,"Boost,","340,","129370,","1,","40,","unknown,","-100,","[],","-100,","313,","[71],","unknown,","{},","unknown,","21,","3584024771,","-20,","87697,","70,",BST},,,,
65484482a265870e35de21d2,Logcat-AirplaneModeTests-voiceCall-1-DUT-ZY22H9L964--11042023084216_ExecID-1823653_IterID-13.txt,1,2,3,4,5,6,7,8,9,2023-11-04 20:42:09.987,STFService,,STFService,STFService: sendNetworkClass:  CellSignalNr:, CellSignalNr:,,,,,,"Boost,","340,","129370,","1,","40,","unknown,","-100,","[],","-100,","313,","[71],","unknown,","{},","unknown,","21,","3584024771,","-20,","87697,","70,",BST},,,,
65484482a265870e35de21d3,Logcat-AirplaneModeTests-voiceCall-1-DUT-ZY22H9L964--11042023084216_ExecID-1823653_IterID-13.txt,1,2,3,4,5,6,7,8,9,2023-11-04 20:42:10.999,STFService,,STFService,STFService: sendNetworkClass:  CellSignalNr:, CellSignalNr:,,,,,,"Boost,","340,","401050,","1,","26,","unknown,","-114,","[],","-114,","313,","[70],","unknown,","{},","unknown,","4,","3584037170,","-12,","87697,","864,",BST},,,,
65484482a265870e35de21d4,Logcat-AirplaneModeTests-voiceCall-1-DUT-ZY22H9L964--11042023084216_ExecID-1823653_IterID-13.txt,1,2,3,4,5,6,7,8,9,2023-11-04 20:42:12.011,STFService,,STFService,STFService: sendNetworkClass:  CellSignalNr:, CellSignalNr:,,,,,,"Boost,","340,","401050,","1,","26,","unknown,","-114,","[],","-114,","313,","[70],","unknown,","{},","unknown,","4,","3584037170,","-12,","87697,","864,",BST},,,,
65484482a265870e35de21d5,Logcat-AirplaneModeTests-voiceCall-1-DUT-ZY22H9L964--11042023084216_ExecID-1823653_IterID-13.txt,1,2,3,4,5,6,7,8,9,2023-11-04 20:42:13.023,STFService,,STFService,STFService: sendNetworkClass:  CellSignalNr:, CellSignalNr:,,,,,,"Boost,","340,","401050,","1,","26,","unknown,","-114,","[],","-114,","313,","[70],","unknown,","{},","unknown,","4,","3584037170,","-12,","87697,","864,",BST},,,,
65484482a265870e35de21d6,Logcat-AirplaneModeTests-voiceCall-1-DUT-ZY22H9L964--11042023084216_ExecID-1823653_IterID-13.txt,1,2,3,4,5,6,7,8,9,2023-11-04 20:42:13.314,STFService,,STFService,STFService: Location: provider fused;,provider fused;,,,,,,,,,,,,,,,,,,,,,,,,,,,,,
65484482a265870e35de21d7,Logcat-AirplaneModeTests-voiceCall-1-DUT-ZY22H9L964--11042023084216_ExecID-1823653_IterID-13.txt,1,2,3,4,5,6,7,8,9,2023-11-04 20:42:14.040,STFService,,STFService,STFService: sendNetworkClass:  CellSignalNr:, CellSignalNr:,,,,,,"Boost,","340,","401050,","1,","26,","unknown,","-114,","[],","-114,","313,","[70],","unknown,","{},","unknown,","4,","3584037170,","-12,","87697,","864,",BST},,,,
65484482a265870e35de21d8,Logcat-AirplaneModeTests-voiceCall-1-DUT-ZY22H9L964--11042023084216_ExecID-1823653_IterID-13.txt,1,2,3,4,5,6,7,8,9,2023-11-04 20:42:15.057,STFService,,STFService,STFService: sendNetworkClass:  CellSignalNr:, CellSignalNr:,,,,,,"Boost,","340,","401050,","1,","26,","unknown,","-114,","[],","-114,","313,","[70],","unknown,","{},","unknown,","4,","3584037170,","-12,","87697,","864,",BST},,,,
65484482a265870e35de21d9,Logcat-AirplaneModeTests-voiceCall-1-DUT-ZY22H9L964--11042023084216_ExecID-1823653_IterID-13.txt,1,2,3,4,5,6,7,8,9,2023-11-04 20:42:16.074,STFService,,STFService,STFService: sendNetworkClass:  CellSignalNr:, CellSignalNr:,,,,,,"Boost,","340,","401050,","1,","26,","unknown,","-114,","[],","-114,","313,","[70],","unknown,","{},","unknown,","4,","3584037170,","-12,","87697,","864,",BST},,,,
65484482a265870e35de21da,Logcat-AirplaneModeTests-voiceCall-1-DUT-ZY22H9L964--11042023084216_ExecID-1823653_IterID-13.txt,1,2,3,4,5,6,7,8,9,2023-11-04 20:42:17.085,STFService,,STFService,STFService: sendNetworkClass:  CellSignalNr:, CellSignalNr:,,,,,,"Boost,","340,","401050,","1,","26,","unknown,","-114,","[],","-114,","313,","[70],","unknown,","{},","unknown,","4,","3584037170,","-12,","87697,","864,",BST},,,,
65484482a265870e35de21db,Logcat-AirplaneModeTests-voiceCall-1-DUT-ZY22H9L964--11042023084216_ExecID-1823653_IterID-13.txt,1,2,3,4,5,6,7,8,9,2023-11-04 20:41:52.210,ImsPhoneCallTracker,,ImsPhoneCallTracker: ,ImsPhoneCallTracker: [0] onCallTerminated reasonCode=,onCallTerminated reasonCode=,,,,,,,,,,,,,,,,,,,,,,,,,,,,,
65484482a265870e35de21dc,Logcat-AirplaneModeTests-voiceCall-1-DUT-ZY22H9L964--11042023084216_ExecID-1823653_IterID-13.txt,1,2,3,4,5,6,7,8,9,2023-11-04 20:41:52.210,ImsPhoneCallTracker,,ImsPhoneCallTracker: ,ImsPhoneCallTracker: [0] maybeRemapReasonCode : fromCode =,maybeRemapReasonCode : fromCode =,,,,,,,,,,,,,,,,,,,,,,,,,,510,,,
65484482a265870e35de21dd,Logcat-AirplaneModeTests-voiceCall-1-DUT-ZY22H9L964--11042023084216_ExecID-1823653_IterID-13.txt,1,2,3,4,5,6,7,8,9,2023-11-04 20:41:52.217,ImsPhoneCallTracker,,ImsPhoneCallTracker: ,ImsPhoneCallTracker: [0] maybeRemapReasonCode : fromCode =,maybeRemapReasonCode : fromCode =,,,,,,,,,,,,,,,,,,,,,,,,,,510,,,
65484482a265870e35de21de,Logcat-AirplaneModeTests-voiceCall-1-DUT-ZY22H9L964--11042023084216_ExecID-1823653_IterID-13.txt,1,2,3,4,5,6,7,8,9,2023-11-04 20:41:52.226,ImsPhoneCallTracker,,ImsPhoneCallTracker: ,ImsPhoneCallTracker: [0] maybeRemapReasonCode : fromCode =,maybeRemapReasonCode : fromCode =,,,,,,,,,,,,,,,,,,,,,,,,,,510,,,
65484482a265870e35de21df,Logcat-AirplaneModeTests-voiceCall-1-DUT-ZY22H9L964--11042023084216_ExecID-1823653_IterID-13.txt,1,2,3,4,5,6,7,8,9,2023-11-04 20:41:52.977,NetworkController,,NetworkController.MobileSignalController(1),NetworkController.MobileSignalController(1): 	to:, 	to,,,,,,,,,,,,,,,,,,,,,,,,,,,,"NR,",NONE}
65484482a265870e35de21e0,Logcat-AirplaneModeTests-voiceCall-1-DUT-ZY22H9L964--11042023084216_ExecID-1823653_IterID-13.txt,1,2,3,4,5,6,7,8,9,2023-11-04 20:41:53.982,NetworkController,,NetworkController.MobileSignalController(1),NetworkController.MobileSignalController(1): 	to:, 	to,,,,,,,,,,,,,,,,,,,,,,,,,,,,"NR,",NONE}
65484482a265870e35de21e1,Logcat-AirplaneModeTests-voiceCall-1-DUT-ZY22H9L964--11042023084216_ExecID-1823653_IterID-13.txt,1,2,3,4,5,6,7,8,9,2023-11-04 20:42:06.222,NetworkController,,NetworkController.MobileSignalController(1),NetworkController.MobileSignalController(1): 	to:, 	to,,,,,,,,,,,,,,,,,,,,,,,,,,,,"NR,",NONE}
65484482a265870e35de21e2,Logcat-AirplaneModeTests-voiceCall-1-DUT-ZY22H9L964--11042023084216_ExecID-1823653_IterID-13.txt,1,2,3,4,5,6,7,8,9,2023-11-04 20:42:13.202,NetworkController,,NetworkController.MobileSignalController(1),NetworkController.MobileSignalController(1): 	to:, 	to,,,,,,,,,,,,,,,,,,,,,,,,,,,,"NR,",NONE}
654844bab6b1857adc532ace,Logcat-AirplaneModeTests-voiceCall-1-REFERENCE-ZY22H85665--11042023084220_ExecID-1823653_IterID-13.txt,1,2,3,4,5,6,7,8,9,2023-11-04 20:41:22.329,Telecom,11,Event: RecordEntry ,Event: RecordEntry TC@11: CREATED, CREATED,,null;null: TSI.aNIC@H7g,,,,,,,,,,,,,,,,,,,,,,,,,,,
654844bab6b1857adc532acf,Logcat-AirplaneModeTests-voiceCall-1-REFERENCE-ZY22H85665--11042023084220_ExecID-1823653_IterID-13.txt,1,2,3,4,5,6,7,8,9,2023-11-04 20:41:22.380,Telecom,11,Event: RecordEntry ,Event: RecordEntry TC@11: START_CONNECTION, START_CONNECTION,%2B13526739016,,,,,,,,,,,,,,,,,,,,,,,,,,,,
654844bab6b1857adc532ad0,Logcat-AirplaneModeTests-voiceCall-1-REFERENCE-ZY22H85665--11042023084220_ExecID-1823653_IterID-13.txt,1,2,3,4,5,6,7,8,9,2023-11-04 20:41:22.713,Telecom,11,Event: RecordEntry ,Event: RecordEntry TC@11: SET_RINGING, SET_RINGING,successful incoming call,,,,,,,,,,,,,,,,,,,,,,,,,,,,
654844bab6b1857adc532ad1,Logcat-AirplaneModeTests-voiceCall-1-REFERENCE-ZY22H85665--11042023084220_ExecID-1823653_IterID-13.txt,1,2,3,4,5,6,7,8,9,2023-11-04 20:41:22.725,Telecom,11,InCallController,InCallController: onCallAdded, onCallAdded,tel:%2B13526739016,,,,,,,,,,,,,,,,,,,,,,,,,,,,
654844bab6b1857adc532ad2,Logcat-AirplaneModeTests-voiceCall-1-REFERENCE-ZY22H85665--11042023084220_ExecID-1823653_IterID-13.txt,1,2,3,4,5,6,7,8,9,2023-11-04 20:41:22.997,Telecom,11,Event: RecordEntry ,Event: RecordEntry TC@11: START_RINGER, START_RINGER,null,,,,,,,,,,,,,,,,,,,,,,,,,,,,
654844bab6b1857adc532ad3,Logcat-AirplaneModeTests-voiceCall-1-REFERENCE-ZY22H85665--11042023084220_ExecID-1823653_IterID-13.txt,1,2,3,4,5,6,7,8,9,2023-11-04 20:41:23.184,Telecom,11,InCallController,InCallController: Sending updateCall , Sending updateCall ,,RINGING,,,,,,,,,,,,,,,,,,,,,,,,,,,
654844bab6b1857adc532ad4,Logcat-AirplaneModeTests-voiceCall-1-REFERENCE-ZY22H85665--11042023084220_ExecID-1823653_IterID-13.txt,1,2,3,4,5,6,7,8,9,2023-11-04 20:41:42.099,Telecom,11,InCallController,InCallController: Sending updateCall , Sending updateCall ,,RINGING,,,,,,,,,,,,,,,,,,,,,,,,,,,
654844bab6b1857adc532ad5,Logcat-AirplaneModeTests-voiceCall-1-REFERENCE-ZY22H85665--11042023084220_ExecID-1823653_IterID-13.txt,1,2,3,4,5,6,7,8,9,2023-11-04 20:41:42.136,Telecom,11,InCallController,InCallController: Sending updateCall , Sending updateCall ,,RINGING,,,,,,,,,,,,,,,,,,,,,,,,,,,
654844bab6b1857adc532ad6,Logcat-AirplaneModeTests-voiceCall-1-REFERENCE-ZY22H85665--11042023084220_ExecID-1823653_IterID-13.txt,1,2,3,4,5,6,7,8,9,2023-11-04 20:41:42.146,Telecom,11,InCallController,InCallController: Sending updateCall , Sending updateCall ,,RINGING,,,,,,,,,,,,,,,,,,,,,,,,,,,
654844bab6b1857adc532ad7,Logcat-AirplaneModeTests-voiceCall-1-REFERENCE-ZY22H85665--11042023084220_ExecID-1823653_IterID-13.txt,1,2,3,4,5,6,7,8,9,2023-11-04 20:41:42.150,Telecom,11,Event: RecordEntry ,Event: RecordEntry TC@11: SET_DISCONNECTED, SET_DISCONNECTED,,,,INCOMING_MISSED,"510 CODE_USER_TERMINATED_BY_REMOTE, 0, null",,,,,,,,,,,,,,,,,,,,,,,,
654844bab6b1857adc532ad8,Logcat-AirplaneModeTests-voiceCall-1-REFERENCE-ZY22H85665--11042023084220_ExecID-1823653_IterID-13.txt,1,2,3,4,5,6,7,8,9,2023-11-04 20:41:42.165,Telecom,11,InCallController,InCallController: Sending updateCall , Sending updateCall ,,DISCONNECTED,,,,,,,,,,,,,,,,,,,,,,,,,,,
654844bab6b1857adc532ad9,Logcat-AirplaneModeTests-voiceCall-1-REFERENCE-ZY22H85665--11042023084220_ExecID-1823653_IterID-13.txt,1,2,3,4,5,6,7,8,9,2023-11-04 20:41:42.201,Telecom,11,Event: RecordEntry ,Event: RecordEntry TC@11: STOP_RINGER, STOP_RINGER,null,,,,,,,,,,,,,,,,,,,,,,,,,,,,
654844bab6b1857adc532ada,Logcat-AirplaneModeTests-voiceCall-1-REFERENCE-ZY22H85665--11042023084220_ExecID-1823653_IterID-13.txt,1,2,3,4,5,6,7,8,9,2023-11-04 20:41:42.226,Telecom,11,InCallController,InCallController: Sending updateCall , Sending updateCall ,,DISCONNECTED,,,,,,,,,,,,,,,,,,,,,,,,,,,
654844bab6b1857adc532adb,Logcat-AirplaneModeTests-voiceCall-1-REFERENCE-ZY22H85665--11042023084220_ExecID-1823653_IterID-13.txt,1,2,3,4,5,6,7,8,9,2023-11-04 20:41:42.228,Telecom,11,InCallController,InCallController: Sending updateCall , Sending updateCall ,,DISCONNECTED,,,,,,,,,,,,,,,,,,,,,,,,,,,
654844bab6b1857adc532adc,Logcat-AirplaneModeTests-voiceCall-1-REFERENCE-ZY22H85665--11042023084220_ExecID-1823653_IterID-13.txt,1,2,3,4,5,6,7,8,9,2023-11-04 20:41:42.229,Telecom,11,InCallController,InCallController: Sending updateCall , Sending updateCall ,,DISCONNECTED,,,,,,,,,,,,,,,,,,,,,,,,,,,
654844bab6b1857adc532add,Logcat-AirplaneModeTests-voiceCall-1-REFERENCE-ZY22H85665--11042023084220_ExecID-1823653_IterID-13.txt,1,2,3,4,5,6,7,8,9,2023-11-04 20:41:42.237,Telecom,11,Event: RecordEntry ,Event: RecordEntry TC@11: DESTROYED, DESTROYED,null,,,,,,,,,,,,,,,,,,,,,,,,,,,,
654844bab6b1857adc532ade,Logcat-AirplaneModeTests-voiceCall-1-REFERENCE-ZY22H85665--11042023084220_ExecID-1823653_IterID-13.txt,1,2,3,4,5,6,7,8,9,2023-11-04 20:41:45.233,STFService,,STFService,STFService: Location: provider fused;,provider fused;,,,,,,,,,,,,,,,,,,,,,,,,,,,,,
654844bab6b1857adc532adf,Logcat-AirplaneModeTests-voiceCall-1-REFERENCE-ZY22H85665--11042023084220_ExecID-1823653_IterID-13.txt,1,2,3,4,5,6,7,8,9,2023-11-04 20:41:55.293,STFService,,STFService,STFService: Location: provider fused;,provider fused;,,,,,,,,,,,,,,,,,,,,,,,,,,,,,
654844bab6b1857adc532ae0,Logcat-AirplaneModeTests-voiceCall-1-REFERENCE-ZY22H85665--11042023084220_ExecID-1823653_IterID-13.txt,1,2,3,4,5,6,7,8,9,2023-11-04 20:42:05.317,STFService,,STFService,STFService: Location: provider fused;,provider fused;,,,,,,,,,,,,,,,,,,,,,,,,,,,,,
654844bab6b1857adc532ae1,Logcat-AirplaneModeTests-voiceCall-1-REFERENCE-ZY22H85665--11042023084220_ExecID-1823653_IterID-13.txt,1,2,3,4,5,6,7,8,9,2023-11-04 20:42:15.326,STFService,,STFService,STFService: Location: provider fused;,provider fused;,,,,,,,,,,,,,,,,,,,,,,,,,,,,,
654844bab6b1857adc532ae2,Logcat-AirplaneModeTests-voiceCall-1-REFERENCE-ZY22H85665--11042023084220_ExecID-1823653_IterID-13.txt,1,2,3,4,5,6,7,8,9,2023-11-04 20:41:42.074,ImsPhoneCallTracker,,ImsPhoneCallTracker: ,ImsPhoneCallTracker: [0] onCallTerminated reasonCode=,onCallTerminated reasonCode=,,,,,,,,,,,,,,,,,,,,,,,,,,,,,
654844bab6b1857adc532ae3,Logcat-AirplaneModeTests-voiceCall-1-REFERENCE-ZY22H85665--11042023084220_ExecID-1823653_IterID-13.txt,1,2,3,4,5,6,7,8,9,2023-11-04 20:41:42.074,ImsPhoneCallTracker,,ImsPhoneCallTracker: ,ImsPhoneCallTracker: [0] maybeRemapReasonCode : fromCode =,maybeRemapReasonCode : fromCode =,,,,,,,,,,,,,,,,,,,,,,,,,,510,,,
654844bab6b1857adc532ae4,Logcat-AirplaneModeTests-voiceCall-1-REFERENCE-ZY22H85665--11042023084220_ExecID-1823653_IterID-13.txt,1,2,3,4,5,6,7,8,9,2023-11-04 20:41:42.077,ImsPhoneCallTracker,,ImsPhoneCallTracker: ,ImsPhoneCallTracker: [0] maybeRemapReasonCode : fromCode =,maybeRemapReasonCode : fromCode =,,,,,,,,,,,,,,,,,,,,,,,,,,510,,,
654844bab6b1857adc532ae5,Logcat-AirplaneModeTests-voiceCall-1-REFERENCE-ZY22H85665--11042023084220_ExecID-1823653_IterID-13.txt,1,2,3,4,5,6,7,8,9,2023-11-04 20:41:42.081,ImsPhoneCallTracker,,ImsPhoneCallTracker: ,ImsPhoneCallTracker: [0] maybeRemapReasonCode : fromCode =,maybeRemapReasonCode : fromCode =,,,,,,,,,,,,,,,,,,,,,,,,,,510,,,
654844bab6b1857adc532ae6,Logcat-AirplaneModeTests-voiceCall-1-REFERENCE-ZY22H85665--11042023084220_ExecID-1823653_IterID-13.txt,1,2,3,4,5,6,7,8,9,2023-11-04 20:41:42.992,NetworkController,,NetworkController.MobileSignalController(1),NetworkController.MobileSignalController(1): 	to:, 	to,,,,,,,,,,,,,,,,,,,,,,,,,,,,"LTE,",NR_NSA}
654844bab6b1857adc532ae7,Logcat-AirplaneModeTests-voiceCall-1-REFERENCE-ZY22H85665--11042023084220_ExecID-1823653_IterID-13.txt,1,2,3,4,5,6,7,8,9,2023-11-04 20:41:43.994,NetworkController,,NetworkController.MobileSignalController(1),NetworkController.MobileSignalController(1): 	to:, 	to,,,,,,,,,,,,,,,,,,,,,,,,,,,,"LTE,",NR_NSA}
654844bab6b1857adc532ae8,Logcat-AirplaneModeTests-voiceCall-1-REFERENCE-ZY22H85665--11042023084220_ExecID-1823653_IterID-13.txt,1,2,3,4,5,6,7,8,9,2023-11-04 20:42:13.286,NetworkController,,NetworkController.MobileSignalController(1),NetworkController.MobileSignalController(1): 	to:, 	to,,,,,,,,,,,,,,,,,,,,,,,,,,,,"LTE,",NR_NSA}
654844bab6b1857adc532ae9,Logcat-AirplaneModeTests-voiceCall-1-REFERENCE-ZY22H85665--11042023084220_ExecID-1823653_IterID-13.txt,1,2,3,4,5,6,7,8,9,2023-11-04 20:42:14.290,NetworkController,,NetworkController.MobileSignalController(1),NetworkController.MobileSignalController(1): 	to:, 	to,,,,,,,,,,,,,,,,,,,,,,,,,,,,"LTE,",NR_NSA}
