_id,Filename,PROJECT_NAME,PROJECTID,TEST_CASE_NAME,TCID,TESTEXECID,ITERATIONID,DeviceType,ID,CURRENT_ITERATION_NUMBER,Timestamp,Type,Value,HPLMN,sim_state,NW sel mode,Service,MM5G,NR5G_RSRP,NR5G_SINR,NR5G_RSRQ,NR_RRC,NR_SSB_Index,NR_ARFCN,NR_PCI,NR_BAND,NR_DL Scheduling,NR_BLER,NR_BW,NR_SA_RLF Count,NR_Tx Phy Channel Type,NR_Tx Pwr,NR_CDRX,NETWORK,FINAL IMEI Certi,Call ID,Event,Method,Sub-Event,State,Value.value,Reason,Imsreason,SIP_v,CSEQ,contentType,handle
65442dcbea49297eec937048,Logcat-NewDishTests-DISH_To_DISH_VoiceCall-1-DUT-R5CT92SP5VN--10112023012539.txt,1,2,3,4,5,6,7,8,9,10-11 16:23:52.843,ModemServiceMode,0 0 12 195 401050,313-340,1,Auto,available,REGISTERED,-94,22.7,-11,IDLE,3,401050,872,n70,0.00,0.00,25 MHz,--,PUCCH,22 dBm,Active,UNBLOCK,PASS,,,,,,,,,,,,
65442dcbea49297eec937049,Logcat-NewDishTests-DISH_To_DISH_VoiceCall-1-DUT-R5CT92SP5VN--10112023012539.txt,1,2,3,4,5,6,7,8,9,10-11 16:23:54.364,ModemServiceMode,0 0 12 195 401050,313-340,1,Auto,available,REGISTERED,-94,22.7,-11,IDLE,3,401050,872,n70,0.00,0.00,25 MHz,--,,,,,,,,,,,,,,,,,
65442dcbea49297eec93704a,Logcat-NewDishTests-DISH_To_DISH_VoiceCall-1-DUT-R5CT92SP5VN--10112023012539.txt,1,2,3,4,5,6,7,8,9,10-11 16:23:54.365,ModemServiceMode,,,,,,,,,,,,,,,,,,,PUCCH,22 dBm,Active,UNBLOCK,PASS,,,,,,,,,,,,
65442dcbea49297eec93704b,Logcat-NewDishTests-DISH_To_DISH_VoiceCall-1-DUT-R5CT92SP5VN--10112023012539.txt,1,2,3,4,5,6,7,8,9,10-11 16:23:55.884,ModemServiceMode,0 0 12 195 401050,313-340,1,Auto,available,REGISTERED,-91,23.2,-11,IDLE,3,401050,872,n70,0.00,0.00,25 MHz,--,PUCCH,22 dBm,Active,UNBLOCK,PASS,,,,,,,,,,,,
65442dcbea49297eec93704c,Logcat-NewDishTests-DISH_To_DISH_VoiceCall-1-DUT-R5CT92SP5VN--10112023012539.txt,1,2,3,4,5,6,7,8,9,10-11 16:23:57.570,Telecom,,,,,,,,,,,,,,,,,,,,,,,,1487,Event: RecordEntry ,Event: RecordEntry TC@1487: CREATED, CREATED,OUTGOING,,,,,,,
65442dcbea49297eec93704d,Logcat-NewDishTests-DISH_To_DISH_VoiceCall-1-DUT-R5CT92SP5VN--10112023012539.txt,1,2,3,4,5,6,7,8,9,10-11 16:23:57.582,Telecom,UserHandle{0},,,,,,,,,,,,,,,,,,,,,,,1487,Event: RecordEntry ,Event: RecordEntry TC@1487: SET_CONNECTING, SET_CONNECTING,,,,,,,,
65442dcbea49297eec93704e,Logcat-NewDishTests-DISH_To_DISH_VoiceCall-1-DUT-R5CT92SP5VN--10112023012539.txt,1,2,3,4,5,6,7,8,9,10-11 16:23:57.595,Telecom,tel:**********,,,,,,,,,,,,,,,,,,,,,,,1487,InCallController,InCallController: onCallAdded, onCallAdded,,,,,,,,
65442dcbea49297eec93704f,Logcat-NewDishTests-DISH_To_DISH_VoiceCall-1-DUT-R5CT92SP5VN--10112023012539.txt,1,2,3,4,5,6,7,8,9,10-11 16:23:57.712,Telecom,**********,,,,,,,,,,,,,,,,,,,,,,,1487,Event: RecordEntry ,Event: RecordEntry TC@1487: START_CONNECTION, START_CONNECTION,,,,,,,,
65442dcbea49297eec937050,Logcat-NewDishTests-DISH_To_DISH_VoiceCall-1-DUT-R5CT92SP5VN--10112023012539.txt,1,2,3,4,5,6,7,8,9,10-11 16:23:58.070,Telecom,,,,,,,,,,,,,,,,,,,,,,,,1487,InCallController,InCallController: Sending updateCall , Sending updateCall ,CONNECTING,,,,,,,
65442dcbea49297eec937051,Logcat-NewDishTests-DISH_To_DISH_VoiceCall-1-DUT-R5CT92SP5VN--10112023012539.txt,1,2,3,4,5,6,7,8,9,10-11 16:23:58.073,Telecom,,,,,,,,,,,,,,,,,,,,,,,,1487,InCallController,InCallController: Sending updateCall , Sending updateCall ,CONNECTING,,,,,,,
65442dcbea49297eec937052,Logcat-NewDishTests-DISH_To_DISH_VoiceCall-1-DUT-R5CT92SP5VN--10112023012539.txt,1,2,3,4,5,6,7,8,9,10-11 16:23:58.076,Telecom,,,,,,,,,,,,,,,,,,,,,,,,1487,InCallController,InCallController: Sending updateCall , Sending updateCall ,CONNECTING,,,,,,,
65442dcbea49297eec937053,Logcat-NewDishTests-DISH_To_DISH_VoiceCall-1-DUT-R5CT92SP5VN--10112023012539.txt,1,2,3,4,5,6,7,8,9,10-11 16:23:58.078,Telecom,,,,,,,,,,,,,,,,,,,,,,,,1487,InCallController,InCallController: Sending updateCall , Sending updateCall ,CONNECTING,,,,,,,
65442dcbea49297eec937054,Logcat-NewDishTests-DISH_To_DISH_VoiceCall-1-DUT-R5CT92SP5VN--10112023012539.txt,1,2,3,4,5,6,7,8,9,10-11 16:23:58.078,Telecom,,,,,,,,,,,,,,,,,,,,,,,,1487,InCallController,InCallController: Sending updateCall , Sending updateCall ,CONNECTING,,,,,,,
65442dcbea49297eec937055,Logcat-NewDishTests-DISH_To_DISH_VoiceCall-1-DUT-R5CT92SP5VN--10112023012539.txt,1,2,3,4,5,6,7,8,9,10-11 16:23:58.082,Telecom,,,,,,,,,,,,,,,,,,,,,,,,1487,InCallController,InCallController: Sending updateCall , Sending updateCall ,CONNECTING,,,,,,,
65442dcbea49297eec937056,Logcat-NewDishTests-DISH_To_DISH_VoiceCall-1-DUT-R5CT92SP5VN--10112023012539.txt,1,2,3,4,5,6,7,8,9,10-11 16:23:58.084,Telecom,successful outgoing call,,,,,,,,,,,,,,,,,,,,,,,1487,Event: RecordEntry ,Event: RecordEntry TC@1487: SET_DIALING, SET_DIALING,,,,,,,,
65442dcbea49297eec937057,Logcat-NewDishTests-DISH_To_DISH_VoiceCall-1-DUT-R5CT92SP5VN--10112023012539.txt,1,2,3,4,5,6,7,8,9,10-11 16:23:58.085,Telecom,,,,,,,,,,,,,,,,,,,,,,,,1487,InCallController,InCallController: Sending updateCall , Sending updateCall ,DIALING,,,,,,,
65442dcbea49297eec937058,Logcat-NewDishTests-DISH_To_DISH_VoiceCall-1-DUT-R5CT92SP5VN--10112023012539.txt,1,2,3,4,5,6,7,8,9,10-11 16:23:58.107,Telecom,,,,,,,,,,,,,,,,,,,,,,,,1487,InCallController,InCallController: Sending updateCall , Sending updateCall ,DIALING,,,,,,,
65442dcbea49297eec937059,Logcat-NewDishTests-DISH_To_DISH_VoiceCall-1-DUT-R5CT92SP5VN--10112023012539.txt,1,2,3,4,5,6,7,8,9,10-11 16:23:58.121,Telecom,,,,,,,,,,,,,,,,,,,,,,,,1487,InCallController,InCallController: Sending updateCall , Sending updateCall ,DIALING,,,,,,,
65442dcbea49297eec93705a,Logcat-NewDishTests-DISH_To_DISH_VoiceCall-1-DUT-R5CT92SP5VN--10112023012539.txt,1,2,3,4,5,6,7,8,9,10-11 16:23:58.148,Telecom,,,,,,,,,,,,,,,,,,,,,,,,1487,InCallController,InCallController: Sending updateCall , Sending updateCall ,DIALING,,,,,,,
65442dcbea49297eec93705b,Logcat-NewDishTests-DISH_To_DISH_VoiceCall-1-DUT-R5CT92SP5VN--10112023012539.txt,1,2,3,4,5,6,7,8,9,10-11 16:23:58.171,Telecom,,,,,,,,,,,,,,,,,,,,,,,,1487,InCallController,InCallController: Sending updateCall , Sending updateCall ,DIALING,,,,,,,
65442dcbea49297eec93705c,Logcat-NewDishTests-DISH_To_DISH_VoiceCall-1-DUT-R5CT92SP5VN--10112023012539.txt,1,2,3,4,5,6,7,8,9,10-11 16:23:58.196,Telecom,,,,,,,,,,,,,,,,,,,,,,,,1487,InCallController,InCallController: Sending updateCall , Sending updateCall ,DIALING,,,,,,,
65442dcbea49297eec93705d,Logcat-NewDishTests-DISH_To_DISH_VoiceCall-1-DUT-R5CT92SP5VN--10112023012539.txt,1,2,3,4,5,6,7,8,9,10-11 16:23:59.117,Telecom,,,,,,,,,,,,,,,,,,,,,,,,1487,InCallController,InCallController: Sending updateCall , Sending updateCall ,DIALING,,,,,,,
65442dcbea49297eec93705e,Logcat-NewDishTests-DISH_To_DISH_VoiceCall-1-DUT-R5CT92SP5VN--10112023012539.txt,1,2,3,4,5,6,7,8,9,10-11 16:23:59.120,Telecom,,,,,,,,,,,,,,,,,,,,,,,,1487,InCallController,InCallController: Sending updateCall , Sending updateCall ,DIALING,,,,,,,
65442dcbea49297eec93705f,Logcat-NewDishTests-DISH_To_DISH_VoiceCall-1-DUT-R5CT92SP5VN--10112023012539.txt,1,2,3,4,5,6,7,8,9,10-11 16:23:59.125,Telecom,,,,,,,,,,,,,,,,,,,,,,,,1487,InCallController,InCallController: Sending updateCall , Sending updateCall ,DIALING,,,,,,,
65442dcbea49297eec937060,Logcat-NewDishTests-DISH_To_DISH_VoiceCall-1-DUT-R5CT92SP5VN--10112023012539.txt,1,2,3,4,5,6,7,8,9,10-11 16:23:59.134,Telecom,,,,,,,,,,,,,,,,,,,,,,,,1487,InCallController,InCallController: Sending updateCall , Sending updateCall ,DIALING,,,,,,,
65442dcbea49297eec937061,Logcat-NewDishTests-DISH_To_DISH_VoiceCall-1-DUT-R5CT92SP5VN--10112023012539.txt,1,2,3,4,5,6,7,8,9,10-11 16:24:00.989,Telecom,,,,,,,,,,,,,,,,,,,,,,,,1487,InCallController,InCallController: Sending updateCall , Sending updateCall ,DIALING,,,,,,,
65442dcbea49297eec937062,Logcat-NewDishTests-DISH_To_DISH_VoiceCall-1-DUT-R5CT92SP5VN--10112023012539.txt,1,2,3,4,5,6,7,8,9,10-11 16:24:00.992,Telecom,,,,,,,,,,,,,,,,,,,,,,,,1487,InCallController,InCallController: Sending updateCall , Sending updateCall ,DIALING,,,,,,,
65442dcbea49297eec937063,Logcat-NewDishTests-DISH_To_DISH_VoiceCall-1-DUT-R5CT92SP5VN--10112023012539.txt,1,2,3,4,5,6,7,8,9,10-11 16:24:00.994,Telecom,,,,,,,,,,,,,,,,,,,,,,,,1487,InCallController,InCallController: Sending updateCall , Sending updateCall ,DIALING,,,,,,,
65442dcbea49297eec937064,Logcat-NewDishTests-DISH_To_DISH_VoiceCall-1-DUT-R5CT92SP5VN--10112023012539.txt,1,2,3,4,5,6,7,8,9,10-11 16:24:00.997,Telecom,,,,,,,,,,,,,,,,,,,,,,,,1487,Event: RecordEntry ,Event: RecordEntry TC@1487: START_RINGBACK, START_RINGBACK,,,,,,,,
65442dccea49297eec937065,Logcat-NewDishTests-DISH_To_DISH_VoiceCall-1-DUT-R5CT92SP5VN--10112023012539.txt,1,2,3,4,5,6,7,8,9,10-11 16:24:00.999,Telecom,,,,,,,,,,,,,,,,,,,,,,,,1487,InCallController,InCallController: Sending updateCall , Sending updateCall ,DIALING,,,,,,,
65442dccea49297eec937066,Logcat-NewDishTests-DISH_To_DISH_VoiceCall-1-DUT-R5CT92SP5VN--10112023012539.txt,1,2,3,4,5,6,7,8,9,10-11 16:24:01.009,Telecom,,,,,,,,,,,,,,,,,,,,,,,,1487,InCallController,InCallController: Sending updateCall , Sending updateCall ,DIALING,,,,,,,
65442dccea49297eec937067,Logcat-NewDishTests-DISH_To_DISH_VoiceCall-1-DUT-R5CT92SP5VN--10112023012539.txt,1,2,3,4,5,6,7,8,9,10-11 16:24:01.013,Telecom,,,,,,,,,,,,,,,,,,,,,,,,1487,InCallController,InCallController: Sending updateCall , Sending updateCall ,DIALING,,,,,,,
65442dccea49297eec937068,Logcat-NewDishTests-DISH_To_DISH_VoiceCall-1-DUT-R5CT92SP5VN--10112023012539.txt,1,2,3,4,5,6,7,8,9,10-11 16:24:01.015,Telecom,,,,,,,,,,,,,,,,,,,,,,,,1487,InCallController,InCallController: Sending updateCall , Sending updateCall ,DIALING,,,,,,,
65442dccea49297eec937069,Logcat-NewDishTests-DISH_To_DISH_VoiceCall-1-DUT-R5CT92SP5VN--10112023012539.txt,1,2,3,4,5,6,7,8,9,10-11 16:24:01.016,Telecom,,,,,,,,,,,,,,,,,,,,,,,,1487,InCallController,InCallController: Sending updateCall , Sending updateCall ,DIALING,,,,,,,
65442dccea49297eec93706a,Logcat-NewDishTests-DISH_To_DISH_VoiceCall-1-DUT-R5CT92SP5VN--10112023012539.txt,1,2,3,4,5,6,7,8,9,10-11 16:24:22.246,Telecom,,,,,,,,,,,,,,,,,,,,,,,,1487,InCallController,InCallController: Sending updateCall , Sending updateCall ,DIALING,,,,,,,
65442dccea49297eec93706b,Logcat-NewDishTests-DISH_To_DISH_VoiceCall-1-DUT-R5CT92SP5VN--10112023012539.txt,1,2,3,4,5,6,7,8,9,10-11 16:24:22.251,Telecom,,,,,,,,,,,,,,,,,,,,,,,,1487,InCallController,InCallController: Sending updateCall , Sending updateCall ,DIALING,,,,,,,
65442dccea49297eec93706c,Logcat-NewDishTests-DISH_To_DISH_VoiceCall-1-DUT-R5CT92SP5VN--10112023012539.txt,1,2,3,4,5,6,7,8,9,10-11 16:24:22.257,Telecom,,,,,,,,,,,,,,,,,,,,,,,,1487,InCallController,InCallController: Sending updateCall , Sending updateCall ,DIALING,,,,,,,
65442dccea49297eec93706d,Logcat-NewDishTests-DISH_To_DISH_VoiceCall-1-DUT-R5CT92SP5VN--10112023012539.txt,1,2,3,4,5,6,7,8,9,10-11 16:24:22.268,Telecom,,,,,,,,,,,,,,,,,,,,,,,,1487,InCallController,InCallController: Sending updateCall , Sending updateCall ,DIALING,,,,,,,
65442dccea49297eec93706e,Logcat-NewDishTests-DISH_To_DISH_VoiceCall-1-DUT-R5CT92SP5VN--10112023012539.txt,1,2,3,4,5,6,7,8,9,10-11 16:24:22.312,Telecom,,,,,,,,,,,,,,,,,,,,,,,,1487,InCallController,InCallController: Sending updateCall , Sending updateCall ,DIALING,,,,,,,
65442dccea49297eec93706f,Logcat-NewDishTests-DISH_To_DISH_VoiceCall-1-DUT-R5CT92SP5VN--10112023012539.txt,1,2,3,4,5,6,7,8,9,10-11 16:24:22.328,Telecom,,,,,,,,,,,,,,,,,,,,,,,,1487,InCallController,InCallController: Sending updateCall , Sending updateCall ,DIALING,,,,,,,
65442dccea49297eec937070,Logcat-NewDishTests-DISH_To_DISH_VoiceCall-1-DUT-R5CT92SP5VN--10112023012539.txt,1,2,3,4,5,6,7,8,9,10-11 16:24:22.332,Telecom,,,,,,,,,,,,,,,,,,,,,,,,1487,InCallController,InCallController: Sending updateCall , Sending updateCall ,ACTIVE,,,,,,,
65442dccea49297eec937071,Logcat-NewDishTests-DISH_To_DISH_VoiceCall-1-DUT-R5CT92SP5VN--10112023012539.txt,1,2,3,4,5,6,7,8,9,10-11 16:24:22.334,Telecom,,,,,,,,,,,,,,,,,,,,,,,,1487,InCallController,InCallController: Sending updateCall , Sending updateCall ,ACTIVE,,,,,,,
65442dccea49297eec937072,Logcat-NewDishTests-DISH_To_DISH_VoiceCall-1-DUT-R5CT92SP5VN--10112023012539.txt,1,2,3,4,5,6,7,8,9,10-11 16:24:22.336,Telecom,,,,,,,,,,,,,,,,,,,,,,,,1487,InCallController,InCallController: Sending updateCall , Sending updateCall ,ACTIVE,,,,,,,
65442dccea49297eec937073,Logcat-NewDishTests-DISH_To_DISH_VoiceCall-1-DUT-R5CT92SP5VN--10112023012539.txt,1,2,3,4,5,6,7,8,9,10-11 16:24:22.338,Telecom,,,,,,,,,,,,,,,,,,,,,,,,1487,InCallController,InCallController: Sending updateCall , Sending updateCall ,ACTIVE,,,,,,,
65442dccea49297eec937074,Logcat-NewDishTests-DISH_To_DISH_VoiceCall-1-DUT-R5CT92SP5VN--10112023012539.txt,1,2,3,4,5,6,7,8,9,10-11 16:24:22.339,Telecom,,,,,,,,,,,,,,,,,,,,,,,,1487,InCallController,InCallController: Sending updateCall , Sending updateCall ,ACTIVE,,,,,,,
65442dccea49297eec937075,Logcat-NewDishTests-DISH_To_DISH_VoiceCall-1-DUT-R5CT92SP5VN--10112023012539.txt,1,2,3,4,5,6,7,8,9,10-11 16:24:22.344,Telecom,,,,,,,,,,,,,,,,,,,,,,,,1487,InCallController,InCallController: Sending updateCall , Sending updateCall ,ACTIVE,,,,,,,
65442dccea49297eec937076,Logcat-NewDishTests-DISH_To_DISH_VoiceCall-1-DUT-R5CT92SP5VN--10112023012539.txt,1,2,3,4,5,6,7,8,9,10-11 16:24:22.346,Telecom,,,,,,,,,,,,,,,,,,,,,,,,1487,InCallController,InCallController: Sending updateCall , Sending updateCall ,ACTIVE,,,,,,,
65442dccea49297eec937077,Logcat-NewDishTests-DISH_To_DISH_VoiceCall-1-DUT-R5CT92SP5VN--10112023012539.txt,1,2,3,4,5,6,7,8,9,10-11 16:24:31.511,Telecom,,,,,,,,,,,,,,,,,,,,,,,,1487,InCallController,InCallController: Sending updateCall , Sending updateCall ,ACTIVE,,,,,,,
65442dccea49297eec937078,Logcat-NewDishTests-DISH_To_DISH_VoiceCall-1-DUT-R5CT92SP5VN--10112023012539.txt,1,2,3,4,5,6,7,8,9,10-11 16:24:31.533,Telecom,,,,,,,,,,,,,,,,,,,,,,,,1487,InCallController,InCallController: Sending updateCall , Sending updateCall ,ACTIVE,,,,,,,
65442dccea49297eec937079,Logcat-NewDishTests-DISH_To_DISH_VoiceCall-1-DUT-R5CT92SP5VN--10112023012539.txt,1,2,3,4,5,6,7,8,9,10-11 16:24:31.537,Telecom,,,,,,,,,,,,,,,,,,,,,,,,1487,Event: RecordEntry ,Event: RecordEntry TC@1487: SET_DISCONNECTED, SET_DISCONNECTED,,,"210, NORMAL","510 CODE_USER_TERMINATED_BY_REMOTE, 210, null",,,,
65442dccea49297eec93707a,Logcat-NewDishTests-DISH_To_DISH_VoiceCall-1-DUT-R5CT92SP5VN--10112023012539.txt,1,2,3,4,5,6,7,8,9,10-11 16:24:31.557,Telecom,,,,,,,,,,,,,,,,,,,,,,,,1487,InCallController,InCallController: Sending updateCall , Sending updateCall ,DISCONNECTED,,,,,,,
65442dccea49297eec93707b,Logcat-NewDishTests-DISH_To_DISH_VoiceCall-1-DUT-R5CT92SP5VN--10112023012539.txt,1,2,3,4,5,6,7,8,9,10-11 16:24:31.600,Telecom,,,,,,,,,,,,,,,,,,,,,,,,1487,InCallController,InCallController: Sending updateCall , Sending updateCall ,DISCONNECTED,,,,,,,
65442dccea49297eec93707c,Logcat-NewDishTests-DISH_To_DISH_VoiceCall-1-DUT-R5CT92SP5VN--10112023012539.txt,1,2,3,4,5,6,7,8,9,10-11 16:24:31.602,Telecom,,,,,,,,,,,,,,,,,,,,,,,,1487,InCallController,InCallController: Sending updateCall , Sending updateCall ,DISCONNECTED,,,,,,,
65442dccea49297eec93707d,Logcat-NewDishTests-DISH_To_DISH_VoiceCall-1-DUT-R5CT92SP5VN--10112023012539.txt,1,2,3,4,5,6,7,8,9,10-11 16:24:31.708,Telecom,null,,,,,,,,,,,,,,,,,,,,,,,1487,Event: RecordEntry ,Event: RecordEntry TC@1487: DESTROYED, DESTROYED,,,,,,,,
65442dccea49297eec93707e,Logcat-NewDishTests-DISH_To_DISH_VoiceCall-1-DUT-R5CT92SP5VN--10112023012539.txt,1,2,3,4,5,6,7,8,9,10-11 16:23:58.432,SIPMSG,sip:xxxxxxxxxxxxxxx;phone-context=ims.mnc340.mcc313.3gppnetwork.org@ims.mnc340.mcc313.3gppnetwork.org;user=phone ,,,,,,,,,,,,,,,,,,,,,,,,UE to Network,INVITE,INVITE,OUTGOING,,,,2.0,1,,
65442dccea49297eec93707f,Logcat-NewDishTests-DISH_To_DISH_VoiceCall-1-DUT-R5CT92SP5VN--10112023012539.txt,1,2,3,4,5,6,7,8,9,10-11 16:23:59.099,SIPMSG,,,,,,,,,,,,,,,,,,,,,,,,,Network to UE,INVITE, 100 Trying,OUTGOING,,,,2.0,1,,
65442dccea49297eec937080,Logcat-NewDishTests-DISH_To_DISH_VoiceCall-1-DUT-R5CT92SP5VN--10112023012539.txt,1,2,3,4,5,6,7,8,9,10-11 16:24:00.525,SIPMSG,,,,,,,,,,,,,,,,,,,,,,,,,Network to UE,INVITE, 183 Session Progress,OUTGOING,,,,2.0,1,,
65442dccea49297eec937081,Logcat-NewDishTests-DISH_To_DISH_VoiceCall-1-DUT-R5CT92SP5VN--10112023012539.txt,1,2,3,4,5,6,7,8,9,10-11 16:24:00.563,SIPMSG,sip:lucentNGFS-153256@xxx.xxx.xxx.xxx:6000;x-skey=0000052ec533001e0002;x-afi=1;encoded-parm=QbkRBthOEgsTXgkTBA0HHiUrKz1CQURBQUFDNhkTVBgiMXN0dCVqPToveS03fyFgYCJieSY.J3YwN0IcXlpWBQMIF11NTVJTUEpWARcYBw8fGwIcBF4eABROQEZBSA__ ,,,,,,,,,,,,,,,,,,,,,,,,UE to Network,PRACK,PRACK,OUTGOING,,,,2.0,2,,
65442dccea49297eec937082,Logcat-NewDishTests-DISH_To_DISH_VoiceCall-1-DUT-R5CT92SP5VN--10112023012539.txt,1,2,3,4,5,6,7,8,9,10-11 16:24:00.859,SIPMSG,,,,,,,,,,,,,,,,,,,,,,,,,Network to UE,PRACK, 200 OK,OUTGOING,,,,2.0,2,,
65442dccea49297eec937083,Logcat-NewDishTests-DISH_To_DISH_VoiceCall-1-DUT-R5CT92SP5VN--10112023012539.txt,1,2,3,4,5,6,7,8,9,10-11 16:24:00.939,SIPMSG,,,,,,,,,,,,,,,,,,,,,,,,,Network to UE,INVITE, 180 Ringing,OUTGOING,,,,2.0,1,,
65442dccea49297eec937084,Logcat-NewDishTests-DISH_To_DISH_VoiceCall-1-DUT-R5CT92SP5VN--10112023012539.txt,1,2,3,4,5,6,7,8,9,10-11 16:24:22.048,SIPMSG,sip:xxxxxxxxxxxxxxx@xxx.xxx.xxx.xxx:8900 ,,,,,,,,,,,,,,,,,,,,,,,,Network to UE,UPDATE,UPDATE,OUTGOING,,,,2.0,1,,
65442dccea49297eec937085,Logcat-NewDishTests-DISH_To_DISH_VoiceCall-1-DUT-R5CT92SP5VN--10112023012539.txt,1,2,3,4,5,6,7,8,9,10-11 16:24:22.084,SIPMSG,,,,,,,,,,,,,,,,,,,,,,,,,UE to Network,UPDATE, 200 OK,OUTGOING,,,,2.0,1,,
65442dccea49297eec937086,Logcat-NewDishTests-DISH_To_DISH_VoiceCall-1-DUT-R5CT92SP5VN--10112023012539.txt,1,2,3,4,5,6,7,8,9,10-11 16:24:22.207,SIPMSG,,,,,,,,,,,,,,,,,,,,,,,,,Network to UE,INVITE, 200 OK,OUTGOING,,,,2.0,1,,
65442dccea49297eec937087,Logcat-NewDishTests-DISH_To_DISH_VoiceCall-1-DUT-R5CT92SP5VN--10112023012539.txt,1,2,3,4,5,6,7,8,9,10-11 16:24:22.226,SIPMSG,sip:lucentNGFS-153256@xxx.xxx.xxx.xxx:6000;x-skey=0000052ec533001e0002;x-afi=1;encoded-parm=QbkRBthOEgsTXgkTBA0HHiUrKz1CQURBQUFDNhkTVBgiMXN0dCVqPToveS03fyFgYCJieSY.J3YwN0IcXlpWBQMIF11NTVJTUEpWARcYBw8fGwIcBF4eABROQEZBSA__ ,,,,,,,,,,,,,,,,,,,,,,,,UE to Network,ACK,ACK,OUTGOING,,,,2.0,1,,
65442dccea49297eec937088,Logcat-NewDishTests-DISH_To_DISH_VoiceCall-1-DUT-R5CT92SP5VN--10112023012539.txt,1,2,3,4,5,6,7,8,9,10-11 16:24:31.391,SIPMSG,sip:xxxxxxxxxxxxxxx@xxx.xxx.xxx.xxx:8900 ,,,,,,,,,,,,,,,,,,,,,,,,Network to UE,BYE,BYE,OUTGOING,,,,2.0,2,,
65442dccea49297eec937089,Logcat-NewDishTests-DISH_To_DISH_VoiceCall-1-DUT-R5CT92SP5VN--10112023012539.txt,1,2,3,4,5,6,7,8,9,10-11 16:24:31.419,SIPMSG,,,,,,,,,,,,,,,,,,,,,,,,,UE to Network,BYE, 200 OK,OUTGOING,,,,2.0,2,,
65442de43730378f2a1d144c,Logcat-NewDishTests-DISH_To_DISH_VoiceCall-1-REFERENCE-R5CT92NBA7F--10112023012552.txt,1,2,3,4,5,6,7,8,9,10-11 16:23:53.172,ModemServiceMode,0 0 12 195 401050,313-340,1,Auto,available,REGISTERED,-100,22.0,-11,IDLE,3,401050,872,n70,--,--,25 MHz,--,--,--,,UNBLOCK,PASS,,,,,,,,,,,,
65442de43730378f2a1d144d,Logcat-NewDishTests-DISH_To_DISH_VoiceCall-1-REFERENCE-R5CT92NBA7F--10112023012552.txt,1,2,3,4,5,6,7,8,9,10-11 16:23:54.693,ModemServiceMode,0 0 12 195 401050,313-340,1,Auto,available,REGISTERED,-100,22.0,-11,IDLE,3,401050,872,n70,--,--,25 MHz,--,,,,,,,,,,,,,,,,,
65442de43730378f2a1d144e,Logcat-NewDishTests-DISH_To_DISH_VoiceCall-1-REFERENCE-R5CT92NBA7F--10112023012552.txt,1,2,3,4,5,6,7,8,9,10-11 16:23:54.694,ModemServiceMode,,,,,,,,,,,,,,,,,,,--,--,,UNBLOCK,PASS,,,,,,,,,,,,
65442de43730378f2a1d144f,Logcat-NewDishTests-DISH_To_DISH_VoiceCall-1-REFERENCE-R5CT92NBA7F--10112023012552.txt,1,2,3,4,5,6,7,8,9,10-11 16:23:56.212,ModemServiceMode,0 0 12 195 401050,313-340,1,Auto,available,REGISTERED,-94,22.0,-11,IDLE,3,401050,872,n70,--,--,25 MHz,--,--,--,,UNBLOCK,PASS,,,,,,,,,,,,
65442de43730378f2a1d1450,Logcat-NewDishTests-DISH_To_DISH_VoiceCall-1-REFERENCE-R5CT92NBA7F--10112023012552.txt,1,2,3,4,5,6,7,8,9,10-11 16:23:57.733,ModemServiceMode,0 0 12 195 401050,,,,,,,,,,,,,,,,,,,,,,,,,,,,,,,,,,
65442de43730378f2a1d1451,Logcat-NewDishTests-DISH_To_DISH_VoiceCall-1-REFERENCE-R5CT92NBA7F--10112023012552.txt,1,2,3,4,5,6,7,8,9,10-11 16:23:57.734,ModemServiceMode,,313-340,1,Auto,available,REGISTERED,-93,23.0,-11,IDLE,3,401050,872,n70,--,--,25 MHz,--,--,--,,UNBLOCK,PASS,,,,,,,,,,,,
65442de43730378f2a1d1452,Logcat-NewDishTests-DISH_To_DISH_VoiceCall-1-REFERENCE-R5CT92NBA7F--10112023012552.txt,1,2,3,4,5,6,7,8,9,10-11 16:23:59.250,ModemServiceMode,0 0 12 195 401050,,,,,,,,,,,,,,,,,,,,,,,,,,,,,,,,,,
65442de43730378f2a1d1453,Logcat-NewDishTests-DISH_To_DISH_VoiceCall-1-REFERENCE-R5CT92NBA7F--10112023012552.txt,1,2,3,4,5,6,7,8,9,10-11 16:23:59.251,ModemServiceMode,,313-340,1,Auto,available,REGISTERED,-93,23.0,-11,IDLE,3,401050,872,n70,--,--,25 MHz,--,--,--,,UNBLOCK,PASS,,,,,,,,,,,,
65442de43730378f2a1d1454,Logcat-NewDishTests-DISH_To_DISH_VoiceCall-1-REFERENCE-R5CT92NBA7F--10112023012552.txt,1,2,3,4,5,6,7,8,9,10-11 16:24:00.762,ModemServiceMode,0 0 12 195 401050,313-340,1,Auto,available,REGISTERED,-92,22.5,-11,CONNECTED,3,401050,872,n70,0.00,0.00,25 MHz,--,PUCCH,20 dBm,,UNBLOCK,PASS,,,,,,,,,,,,
65442de43730378f2a1d1455,Logcat-NewDishTests-DISH_To_DISH_VoiceCall-1-REFERENCE-R5CT92NBA7F--10112023012552.txt,1,2,3,4,5,6,7,8,9,10-11 16:24:02.276,ModemServiceMode,0 0 12 195 401050,313-340,1,Auto,available,REGISTERED,-91,22.5,-11,CONNECTED,3,401050,872,n70,0.44,0.00,25 MHz,--,PUCCH,20 dBm,Active,UNBLOCK,PASS,,,,,,,,,,,,
65442de43730378f2a1d1456,Logcat-NewDishTests-DISH_To_DISH_VoiceCall-1-REFERENCE-R5CT92NBA7F--10112023012552.txt,1,2,3,4,5,6,7,8,9,10-11 16:24:03.790,ModemServiceMode,0 0 12 195 401050,313-340,1,Auto,available,REGISTERED,-93,21.0,,,,,,,,,,,,,,,,,,,,,,,,,,,
65442de43730378f2a1d1457,Logcat-NewDishTests-DISH_To_DISH_VoiceCall-1-REFERENCE-R5CT92NBA7F--10112023012552.txt,1,2,3,4,5,6,7,8,9,10-11 16:24:03.791,ModemServiceMode,,,,,,,,,-11,CONNECTED,3,401050,872,n70,0.00,0.00,25 MHz,--,PUCCH,20 dBm,Active,UNBLOCK,PASS,,,,,,,,,,,,
65442de43730378f2a1d1458,Logcat-NewDishTests-DISH_To_DISH_VoiceCall-1-REFERENCE-R5CT92NBA7F--10112023012552.txt,1,2,3,4,5,6,7,8,9,10-11 16:24:05.304,ModemServiceMode,0 0 12 195 401050,313-340,1,,,,,,,,,,,,,,,,,,,,,,,,,,,,,,,,
65442de43730378f2a1d1459,Logcat-NewDishTests-DISH_To_DISH_VoiceCall-1-REFERENCE-R5CT92NBA7F--10112023012552.txt,1,2,3,4,5,6,7,8,9,10-11 16:24:05.305,ModemServiceMode,,,,Auto,available,REGISTERED,-97,22.2,-11,CONNECTED,3,401050,872,n70,0.00,0.00,25 MHz,--,PUCCH,,,,,,,,,,,,,,,,
65442de43730378f2a1d145a,Logcat-NewDishTests-DISH_To_DISH_VoiceCall-1-REFERENCE-R5CT92NBA7F--10112023012552.txt,1,2,3,4,5,6,7,8,9,10-11 16:24:05.306,ModemServiceMode,,,,,,,,,,,,,,,,,,,,20 dBm,Active,UNBLOCK,PASS,,,,,,,,,,,,
65442de43730378f2a1d145b,Logcat-NewDishTests-DISH_To_DISH_VoiceCall-1-REFERENCE-R5CT92NBA7F--10112023012552.txt,1,2,3,4,5,6,7,8,9,10-11 16:24:06.825,ModemServiceMode,0 0 12 195 401050,313-340,1,Auto,available,REGISTERED,-98,17.5,-11,CONNECTED,3,401050,872,n70,0.00,0.00,25 MHz,--,PUCCH,20 dBm,,,,,,,,,,,,,,,
65442de43730378f2a1d145c,Logcat-NewDishTests-DISH_To_DISH_VoiceCall-1-REFERENCE-R5CT92NBA7F--10112023012552.txt,1,2,3,4,5,6,7,8,9,10-11 16:24:06.826,ModemServiceMode,,,,,,,,,,,,,,,,,,,,,Active,UNBLOCK,PASS,,,,,,,,,,,,
65442de43730378f2a1d145d,Logcat-NewDishTests-DISH_To_DISH_VoiceCall-1-REFERENCE-R5CT92NBA7F--10112023012552.txt,1,2,3,4,5,6,7,8,9,10-11 16:24:08.344,ModemServiceMode,0 0 12 195 401050,313-340,1,Auto,,,,,,,,,,,,,,,,,,,,,,,,,,,,,,,
65442de43730378f2a1d145e,Logcat-NewDishTests-DISH_To_DISH_VoiceCall-1-REFERENCE-R5CT92NBA7F--10112023012552.txt,1,2,3,4,5,6,7,8,9,10-11 16:24:08.345,ModemServiceMode,,,,,available,REGISTERED,-96,22.2,-11,CONNECTED,0,401050,870,n70,1.26,0.00,25 MHz,--,PUCCH,20 dBm,Active,UNBLOCK,,,,,,,,,,,,,
65442de43730378f2a1d145f,Logcat-NewDishTests-DISH_To_DISH_VoiceCall-1-REFERENCE-R5CT92NBA7F--10112023012552.txt,1,2,3,4,5,6,7,8,9,10-11 16:24:08.346,ModemServiceMode,,,,,,,,,,,,,,,,,,,,,,,PASS,,,,,,,,,,,,
65442de43730378f2a1d1460,Logcat-NewDishTests-DISH_To_DISH_VoiceCall-1-REFERENCE-R5CT92NBA7F--10112023012552.txt,1,2,3,4,5,6,7,8,9,10-11 16:24:09.857,ModemServiceMode,0 0 12 195 401050,313-340,1,Auto,available,,,,,,,,,,,,,,,,,,,,,,,,,,,,,,
65442de43730378f2a1d1461,Logcat-NewDishTests-DISH_To_DISH_VoiceCall-1-REFERENCE-R5CT92NBA7F--10112023012552.txt,1,2,3,4,5,6,7,8,9,10-11 16:24:09.858,ModemServiceMode,,,,,,REGISTERED,-95,17.5,-11,CONNECTED,0,401050,870,n70,1.47,0.00,25 MHz,--,PUCCH,20 dBm,Active,UNBLOCK,PASS,,,,,,,,,,,,
65442de43730378f2a1d1462,Logcat-NewDishTests-DISH_To_DISH_VoiceCall-1-REFERENCE-R5CT92NBA7F--10112023012552.txt,1,2,3,4,5,6,7,8,9,10-11 16:24:11.371,ModemServiceMode,0 0 12 195 401050,313-340,1,Auto,available,REGISTERED,-95,17.2,-11,CONNECTED,0,401050,870,n70,0.00,0.00,,,,,,,,,,,,,,,,,,,
65442de43730378f2a1d1463,Logcat-NewDishTests-DISH_To_DISH_VoiceCall-1-REFERENCE-R5CT92NBA7F--10112023012552.txt,1,2,3,4,5,6,7,8,9,10-11 16:24:11.372,ModemServiceMode,,,,,,,,,,,,,,,,,25 MHz,--,PUCCH,20 dBm,Active,UNBLOCK,PASS,,,,,,,,,,,,
65442de43730378f2a1d1464,Logcat-NewDishTests-DISH_To_DISH_VoiceCall-1-REFERENCE-R5CT92NBA7F--10112023012552.txt,1,2,3,4,5,6,7,8,9,10-11 16:24:12.892,ModemServiceMode,0 0 12 195 401050,313-340,1,Auto,available,REGISTERED,-95,17.2,-11,IDLE,0,401050,870,n70,0.00,0.00,25 MHz,--,PUCCH,,,,,,,,,,,,,,,,
65442de43730378f2a1d1465,Logcat-NewDishTests-DISH_To_DISH_VoiceCall-1-REFERENCE-R5CT92NBA7F--10112023012552.txt,1,2,3,4,5,6,7,8,9,10-11 16:24:12.893,ModemServiceMode,,,,,,,,,,,,,,,,,,,,22 dBm,Active,UNBLOCK,PASS,,,,,,,,,,,,
65442de43730378f2a1d1466,Logcat-NewDishTests-DISH_To_DISH_VoiceCall-1-REFERENCE-R5CT92NBA7F--10112023012552.txt,1,2,3,4,5,6,7,8,9,10-11 16:24:14.410,ModemServiceMode,0 0 12 195 401050,313-340,1,Auto,available,REGISTERED,-96,17.0,-11,IDLE,0,401050,870,n70,0.00,0.00,25 MHz,--,,,,,,,,,,,,,,,,,
65442de43730378f2a1d1467,Logcat-NewDishTests-DISH_To_DISH_VoiceCall-1-REFERENCE-R5CT92NBA7F--10112023012552.txt,1,2,3,4,5,6,7,8,9,10-11 16:24:14.411,ModemServiceMode,,,,,,,,,,,,,,,,,,,PUCCH,22 dBm,Active,UNBLOCK,PASS,,,,,,,,,,,,
65442de43730378f2a1d1468,Logcat-NewDishTests-DISH_To_DISH_VoiceCall-1-REFERENCE-R5CT92NBA7F--10112023012552.txt,1,2,3,4,5,6,7,8,9,10-11 16:24:15.933,ModemServiceMode,0 0 12 195 401050,313-340,1,Auto,available,REGISTERED,-96,17.0,-11,IDLE,0,401050,870,n70,0.00,0.00,25 MHz,--,PUCCH,22 dBm,,,,,,,,,,,,,,,
65442de43730378f2a1d1469,Logcat-NewDishTests-DISH_To_DISH_VoiceCall-1-REFERENCE-R5CT92NBA7F--10112023012552.txt,1,2,3,4,5,6,7,8,9,10-11 16:24:15.934,ModemServiceMode,,,,,,,,,,,,,,,,,,,,,Active,UNBLOCK,PASS,,,,,,,,,,,,
65442de43730378f2a1d146a,Logcat-NewDishTests-DISH_To_DISH_VoiceCall-1-REFERENCE-R5CT92NBA7F--10112023012552.txt,1,2,3,4,5,6,7,8,9,10-11 16:24:17.454,ModemServiceMode,0 0 12 195 401050,313-340,1,Auto,available,REGISTERED,-96,17.5,-11,IDLE,0,,,,,,,,,,,,,,,,,,,,,,,,
65442de43730378f2a1d146b,Logcat-NewDishTests-DISH_To_DISH_VoiceCall-1-REFERENCE-R5CT92NBA7F--10112023012552.txt,1,2,3,4,5,6,7,8,9,10-11 16:24:17.455,ModemServiceMode,,,,,,,,,,,,401050,870,n70,0.00,0.00,25 MHz,--,PUCCH,22 dBm,Active,UNBLOCK,PASS,,,,,,,,,,,,
65442de43730378f2a1d146c,Logcat-NewDishTests-DISH_To_DISH_VoiceCall-1-REFERENCE-R5CT92NBA7F--10112023012552.txt,1,2,3,4,5,6,7,8,9,10-11 16:24:18.974,ModemServiceMode,0 0 12 195 401050,313-340,1,Auto,available,REGISTERED,-96,17.5,-11,IDLE,0,401050,870,n70,0.00,0.00,25 MHz,--,PUCCH,22 dBm,Active,UNBLOCK,PASS,,,,,,,,,,,,
65442de43730378f2a1d146d,Logcat-NewDishTests-DISH_To_DISH_VoiceCall-1-REFERENCE-R5CT92NBA7F--10112023012552.txt,1,2,3,4,5,6,7,8,9,10-11 16:24:20.491,ModemServiceMode,0 0 12 195 401050,313-340,1,Auto,available,REGISTERED,-96,17.2,,,,,,,,,,,,,,,,,,,,,,,,,,,
65442de43730378f2a1d146e,Logcat-NewDishTests-DISH_To_DISH_VoiceCall-1-REFERENCE-R5CT92NBA7F--10112023012552.txt,1,2,3,4,5,6,7,8,9,10-11 16:24:20.492,ModemServiceMode,,,,,,,,,-11,IDLE,0,401050,870,n70,0.00,0.00,25 MHz,--,PUCCH,22 dBm,Active,UNBLOCK,PASS,,,,,,,,,,,,
65442de43730378f2a1d146f,Logcat-NewDishTests-DISH_To_DISH_VoiceCall-1-REFERENCE-R5CT92NBA7F--10112023012552.txt,1,2,3,4,5,6,7,8,9,10-11 16:24:22.001,ModemServiceMode,0 0 12 195 401050,313-340,1,Auto,available,,,,,,,,,,,,,,,,,,,,,,,,,,,,,,
65442de43730378f2a1d1470,Logcat-NewDishTests-DISH_To_DISH_VoiceCall-1-REFERENCE-R5CT92NBA7F--10112023012552.txt,1,2,3,4,5,6,7,8,9,10-11 16:24:22.002,ModemServiceMode,,,,,,REGISTERED,-96,21.2,-11,CONNECTED,0,401050,870,n70,0.00,0.00,25 MHz,--,PUCCH,20 dBm,Active,UNBLOCK,PASS,,,,,,,,,,,,
65442de43730378f2a1d1471,Logcat-NewDishTests-DISH_To_DISH_VoiceCall-1-REFERENCE-R5CT92NBA7F--10112023012552.txt,1,2,3,4,5,6,7,8,9,10-11 16:24:23.522,ModemServiceMode,0 0 12 195 401050,313-340,1,Auto,available,REGISTERED,-95,21.5,-11,,,,,,,,,,,,,,,,,,,,,,,,,,
65442de43730378f2a1d1472,Logcat-NewDishTests-DISH_To_DISH_VoiceCall-1-REFERENCE-R5CT92NBA7F--10112023012552.txt,1,2,3,4,5,6,7,8,9,10-11 16:24:23.523,ModemServiceMode,,,,,,,,,,CONNECTED,0,401050,870,n70,2.49,5.88,25 MHz,--,PUCCH,20 dBm,Active,UNBLOCK,PASS,,,,,,,,,,,,
65442de43730378f2a1d1473,Logcat-NewDishTests-DISH_To_DISH_VoiceCall-1-REFERENCE-R5CT92NBA7F--10112023012552.txt,1,2,3,4,5,6,7,8,9,10-11 16:24:25.043,ModemServiceMode,0 0 12 195 401050,313-340,1,Auto,available,REGISTERED,-95,17.2,-11,CONNECTED,0,401050,870,n70,0.00,0.00,25 MHz,--,,,,,,,,,,,,,,,,,
65442de43730378f2a1d1474,Logcat-NewDishTests-DISH_To_DISH_VoiceCall-1-REFERENCE-R5CT92NBA7F--10112023012552.txt,1,2,3,4,5,6,7,8,9,10-11 16:24:25.044,ModemServiceMode,,,,,,,,,,,,,,,,,,,PUCCH,20 dBm,Active,UNBLOCK,PASS,,,,,,,,,,,,
65442de43730378f2a1d1475,Logcat-NewDishTests-DISH_To_DISH_VoiceCall-1-REFERENCE-R5CT92NBA7F--10112023012552.txt,1,2,3,4,5,6,7,8,9,10-11 16:24:26.563,ModemServiceMode,0 0 12 195 401050,313-340,1,Auto,available,REGISTERED,-94,17.2,-11,CONNECTED,0,401050,870,n70,0.00,0.00,25 MHz,--,PUCCH,20 dBm,Active,UNBLOCK,PASS,,,,,,,,,,,,
65442de43730378f2a1d1476,Logcat-NewDishTests-DISH_To_DISH_VoiceCall-1-REFERENCE-R5CT92NBA7F--10112023012552.txt,1,2,3,4,5,6,7,8,9,10-11 16:24:28.081,ModemServiceMode,0 0 12 195 401050,313-340,1,,,,,,,,,,,,,,,,,,,,,,,,,,,,,,,,
65442de43730378f2a1d1477,Logcat-NewDishTests-DISH_To_DISH_VoiceCall-1-REFERENCE-R5CT92NBA7F--10112023012552.txt,1,2,3,4,5,6,7,8,9,10-11 16:24:28.082,ModemServiceMode,,,,Auto,available,REGISTERED,-95,17.5,-11,CONNECTED,0,401050,870,n70,0.00,0.00,25 MHz,--,PUCCH,20 dBm,Active,UNBLOCK,PASS,,,,,,,,,,,,
65442de43730378f2a1d1478,Logcat-NewDishTests-DISH_To_DISH_VoiceCall-1-REFERENCE-R5CT92NBA7F--10112023012552.txt,1,2,3,4,5,6,7,8,9,10-11 16:24:29.605,ModemServiceMode,0 0 12 195 401050,313-340,1,Auto,available,REGISTERED,-95,18.5,-11,CONNECTED,0,401050,870,n70,0.00,0.00,25 MHz,--,PUCCH,20 dBm,Active,,,,,,,,,,,,,,
65442de43730378f2a1d1479,Logcat-NewDishTests-DISH_To_DISH_VoiceCall-1-REFERENCE-R5CT92NBA7F--10112023012552.txt,1,2,3,4,5,6,7,8,9,10-11 16:24:29.606,ModemServiceMode,,,,,,,,,,,,,,,,,,,,,,UNBLOCK,PASS,,,,,,,,,,,,
65442de43730378f2a1d147a,Logcat-NewDishTests-DISH_To_DISH_VoiceCall-1-REFERENCE-R5CT92NBA7F--10112023012552.txt,1,2,3,4,5,6,7,8,9,10-11 16:24:31.123,ModemServiceMode,0 0 12 195 401050,313-340,1,Auto,available,,,,,,,,,,,,,,,,,,,,,,,,,,,,,,
65442de43730378f2a1d147b,Logcat-NewDishTests-DISH_To_DISH_VoiceCall-1-REFERENCE-R5CT92NBA7F--10112023012552.txt,1,2,3,4,5,6,7,8,9,10-11 16:24:31.124,ModemServiceMode,,,,,,REGISTERED,-96,18.7,-11,CONNECTED,0,401050,870,n70,0.00,0.00,25 MHz,--,PUCCH,20 dBm,Active,UNBLOCK,PASS,,,,,,,,,,,,
65442de43730378f2a1d147c,Logcat-NewDishTests-DISH_To_DISH_VoiceCall-1-REFERENCE-R5CT92NBA7F--10112023012552.txt,1,2,3,4,5,6,7,8,9,10-11 16:24:32.642,ModemServiceMode,0 0 12 195 401050,313-340,1,Auto,available,REGISTERED,-96,16.7,-11,CONNECTED,0,401050,870,n70,0.00,0.00,25 MHz,--,PUCCH,,,,,,,,,,,,,,,,
65442de43730378f2a1d147d,Logcat-NewDishTests-DISH_To_DISH_VoiceCall-1-REFERENCE-R5CT92NBA7F--10112023012552.txt,1,2,3,4,5,6,7,8,9,10-11 16:24:32.643,ModemServiceMode,,,,,,,,,,,,,,,,,,,,20 dBm,Active,UNBLOCK,PASS,,,,,,,,,,,,
65442de43730378f2a1d147e,Logcat-NewDishTests-DISH_To_DISH_VoiceCall-1-REFERENCE-R5CT92NBA7F--10112023012552.txt,1,2,3,4,5,6,7,8,9,10-11 16:24:34.166,ModemServiceMode,0 0 12 195 401050,313-340,1,Auto,available,REGISTERED,-97,18.7,,,,,,,,,,,,,,,,,,,,,,,,,,,
65442de43730378f2a1d147f,Logcat-NewDishTests-DISH_To_DISH_VoiceCall-1-REFERENCE-R5CT92NBA7F--10112023012552.txt,1,2,3,4,5,6,7,8,9,10-11 16:24:34.167,ModemServiceMode,,,,,,,,,-11,IDLE,0,401050,870,n70,0.00,0.00,25 MHz,--,PUCCH,22 dBm,Active,UNBLOCK,PASS,,,,,,,,,,,,
65442de43730378f2a1d1480,Logcat-NewDishTests-DISH_To_DISH_VoiceCall-1-REFERENCE-R5CT92NBA7F--10112023012552.txt,1,2,3,4,5,6,7,8,9,10-11 16:24:35.691,ModemServiceMode,0 0 12 195 401050,313-340,1,Auto,available,REGISTERED,-97,18.7,-11,IDLE,0,401050,870,n70,0.00,0.00,,,,,,,,,,,,,,,,,,,
65442de43730378f2a1d1481,Logcat-NewDishTests-DISH_To_DISH_VoiceCall-1-REFERENCE-R5CT92NBA7F--10112023012552.txt,1,2,3,4,5,6,7,8,9,10-11 16:24:35.692,ModemServiceMode,,,,,,,,,,,,,,,,,25 MHz,--,PUCCH,22 dBm,Active,UNBLOCK,PASS,,,,,,,,,,,,
65442de43730378f2a1d1482,Logcat-NewDishTests-DISH_To_DISH_VoiceCall-1-REFERENCE-R5CT92NBA7F--10112023012552.txt,1,2,3,4,5,6,7,8,9,10-11 16:24:37.210,ModemServiceMode,0 0 12 195 401050,313-340,1,Auto,available,REGISTERED,-98,16.2,-11,IDLE,0,401050,870,n70,0.00,0.00,,,,,,,,,,,,,,,,,,,
65442de43730378f2a1d1483,Logcat-NewDishTests-DISH_To_DISH_VoiceCall-1-REFERENCE-R5CT92NBA7F--10112023012552.txt,1,2,3,4,5,6,7,8,9,10-11 16:24:37.211,ModemServiceMode,,,,,,,,,,,,,,,,,25 MHz,--,PUCCH,22 dBm,Active,UNBLOCK,PASS,,,,,,,,,,,,
65442de43730378f2a1d1484,Logcat-NewDishTests-DISH_To_DISH_VoiceCall-1-REFERENCE-R5CT92NBA7F--10112023012552.txt,1,2,3,4,5,6,7,8,9,10-11 16:24:38.733,ModemServiceMode,0 0 12 195 401050,313-340,1,Auto,available,REGISTERED,-96,16.7,-11,IDLE,0,401050,870,n70,0.00,0.00,25 MHz,--,,,,,,,,,,,,,,,,,
65442de43730378f2a1d1485,Logcat-NewDishTests-DISH_To_DISH_VoiceCall-1-REFERENCE-R5CT92NBA7F--10112023012552.txt,1,2,3,4,5,6,7,8,9,10-11 16:24:38.734,ModemServiceMode,,,,,,,,,,,,,,,,,,,PUCCH,22 dBm,Active,UNBLOCK,PASS,,,,,,,,,,,,
65442de43730378f2a1d1486,Logcat-NewDishTests-DISH_To_DISH_VoiceCall-1-REFERENCE-R5CT92NBA7F--10112023012552.txt,1,2,3,4,5,6,7,8,9,10-11 16:24:40.257,ModemServiceMode,0 0 12 195 401050,313-340,1,Auto,available,REGISTERED,,,,,,,,,,,,,,,,,,,,,,,,,,,,,
65442de43730378f2a1d1487,Logcat-NewDishTests-DISH_To_DISH_VoiceCall-1-REFERENCE-R5CT92NBA7F--10112023012552.txt,1,2,3,4,5,6,7,8,9,10-11 16:24:40.258,ModemServiceMode,,,,,,,-96,16.7,-11,IDLE,0,401050,870,n70,0.00,0.00,25 MHz,--,PUCCH,22 dBm,Active,UNBLOCK,PASS,,,,,,,,,,,,
65442de43730378f2a1d1488,Logcat-NewDishTests-DISH_To_DISH_VoiceCall-1-REFERENCE-R5CT92NBA7F--10112023012552.txt,1,2,3,4,5,6,7,8,9,10-11 16:24:41.781,ModemServiceMode,0 0 12 195 401050,313-340,1,Auto,available,REGISTERED,-95,18.7,-11,IDLE,0,401050,870,n70,0.00,0.00,25 MHz,--,PUCCH,,,,,,,,,,,,,,,,
65442de43730378f2a1d1489,Logcat-NewDishTests-DISH_To_DISH_VoiceCall-1-REFERENCE-R5CT92NBA7F--10112023012552.txt,1,2,3,4,5,6,7,8,9,10-11 16:24:41.782,ModemServiceMode,,,,,,,,,,,,,,,,,,,,22 dBm,Active,UNBLOCK,PASS,,,,,,,,,,,,
65442de43730378f2a1d148a,Logcat-NewDishTests-DISH_To_DISH_VoiceCall-1-REFERENCE-R5CT92NBA7F--10112023012552.txt,1,2,3,4,5,6,7,8,9,10-11 16:24:43.299,ModemServiceMode,0 0 12 195 401050,313-340,1,Auto,available,REGISTERED,-95,18.7,-11,IDLE,0,401050,870,n70,0.00,0.00,25 MHz,,,,,,,,,,,,,,,,,,
65442de43730378f2a1d148b,Logcat-NewDishTests-DISH_To_DISH_VoiceCall-1-REFERENCE-R5CT92NBA7F--10112023012552.txt,1,2,3,4,5,6,7,8,9,10-11 16:24:43.300,ModemServiceMode,,,,,,,,,,,,,,,,,,--,PUCCH,22 dBm,Active,UNBLOCK,PASS,,,,,,,,,,,,
65442de43730378f2a1d148c,Logcat-NewDishTests-DISH_To_DISH_VoiceCall-1-REFERENCE-R5CT92NBA7F--10112023012552.txt,1,2,3,4,5,6,7,8,9,10-11 16:24:44.822,ModemServiceMode,0 0 12 195 401050,313-340,1,Auto,available,REGISTERED,-98,16.7,-11,IDLE,0,401050,870,,,,,,,,,,,,,,,,,,,,,,
65442de43730378f2a1d148d,Logcat-NewDishTests-DISH_To_DISH_VoiceCall-1-REFERENCE-R5CT92NBA7F--10112023012552.txt,1,2,3,4,5,6,7,8,9,10-11 16:24:44.823,ModemServiceMode,,,,,,,,,,,,,,n70,0.00,0.00,25 MHz,--,PUCCH,22 dBm,Active,UNBLOCK,PASS,,,,,,,,,,,,
65442de43730378f2a1d148e,Logcat-NewDishTests-DISH_To_DISH_VoiceCall-1-REFERENCE-R5CT92NBA7F--10112023012552.txt,1,2,3,4,5,6,7,8,9,10-11 16:24:46.353,ModemServiceMode,0 0 12 195 401050,313-340,1,Auto,available,REGISTERED,-98,16.7,-11,IDLE,0,401050,870,n70,0.00,0.00,25 MHz,,,,,,,,,,,,,,,,,,
65442de43730378f2a1d148f,Logcat-NewDishTests-DISH_To_DISH_VoiceCall-1-REFERENCE-R5CT92NBA7F--10112023012552.txt,1,2,3,4,5,6,7,8,9,10-11 16:24:46.354,ModemServiceMode,,,,,,,,,,,,,,,,,,--,PUCCH,22 dBm,Active,UNBLOCK,PASS,,,,,,,,,,,,
65442de43730378f2a1d1490,Logcat-NewDishTests-DISH_To_DISH_VoiceCall-1-REFERENCE-R5CT92NBA7F--10112023012552.txt,1,2,3,4,5,6,7,8,9,10-11 16:24:47.873,ModemServiceMode,0 0 12 195 401050,313-340,1,Auto,available,REGISTERED,-96,17.2,-11,IDLE,0,401050,870,n70,0.00,0.00,25 MHz,--,,,,,,,,,,,,,,,,,
65442de43730378f2a1d1491,Logcat-NewDishTests-DISH_To_DISH_VoiceCall-1-REFERENCE-R5CT92NBA7F--10112023012552.txt,1,2,3,4,5,6,7,8,9,10-11 16:24:47.874,ModemServiceMode,,,,,,,,,,,,,,,,,,,PUCCH,22 dBm,Active,UNBLOCK,PASS,,,,,,,,,,,,
65442de43730378f2a1d1492,Logcat-NewDishTests-DISH_To_DISH_VoiceCall-1-REFERENCE-R5CT92NBA7F--10112023012552.txt,1,2,3,4,5,6,7,8,9,10-11 16:24:49.400,ModemServiceMode,0 0 12 195 401050,313-340,1,Auto,available,REGISTERED,-99,17.5,-11,IDLE,0,401050,870,n70,0.00,0.00,25 MHz,--,PUCCH,,,,,,,,,,,,,,,,
65442de43730378f2a1d1493,Logcat-NewDishTests-DISH_To_DISH_VoiceCall-1-REFERENCE-R5CT92NBA7F--10112023012552.txt,1,2,3,4,5,6,7,8,9,10-11 16:24:49.401,ModemServiceMode,,,,,,,,,,,,,,,,,,,,22 dBm,Active,UNBLOCK,PASS,,,,,,,,,,,,
65442de43730378f2a1d1494,Logcat-NewDishTests-DISH_To_DISH_VoiceCall-1-REFERENCE-R5CT92NBA7F--10112023012552.txt,1,2,3,4,5,6,7,8,9,10-11 16:24:50.923,ModemServiceMode,0 0 12 195 401050,313-340,1,Auto,available,REGISTERED,-99,17.5,-11,IDLE,0,401050,870,n70,0.00,0.00,25 MHz,--,PUCCH,,,,,,,,,,,,,,,,
65442de43730378f2a1d1495,Logcat-NewDishTests-DISH_To_DISH_VoiceCall-1-REFERENCE-R5CT92NBA7F--10112023012552.txt,1,2,3,4,5,6,7,8,9,10-11 16:24:50.924,ModemServiceMode,,,,,,,,,,,,,,,,,,,,22 dBm,Active,UNBLOCK,PASS,,,,,,,,,,,,
65442de43730378f2a1d1496,Logcat-NewDishTests-DISH_To_DISH_VoiceCall-1-REFERENCE-R5CT92NBA7F--10112023012552.txt,1,2,3,4,5,6,7,8,9,10-11 16:24:52.446,ModemServiceMode,0 0 12 195 401050,313-340,1,Auto,available,REGISTERED,-96,17.0,-11,IDLE,,,,,,,,,,,,,,,,,,,,,,,,,
65442de43730378f2a1d1497,Logcat-NewDishTests-DISH_To_DISH_VoiceCall-1-REFERENCE-R5CT92NBA7F--10112023012552.txt,1,2,3,4,5,6,7,8,9,10-11 16:24:52.447,ModemServiceMode,,,,,,,,,,,0,401050,870,n70,0.00,0.00,25 MHz,--,PUCCH,22 dBm,Active,UNBLOCK,PASS,,,,,,,,,,,,
65442de43730378f2a1d1498,Logcat-NewDishTests-DISH_To_DISH_VoiceCall-1-REFERENCE-R5CT92NBA7F--10112023012552.txt,1,2,3,4,5,6,7,8,9,10-11 16:24:53.968,ModemServiceMode,0 0 12 195 401050,313-340,1,Auto,available,REGISTERED,-96,17.0,-11,IDLE,0,,,,,,,,,,,,,,,,,,,,,,,,
65442de43730378f2a1d1499,Logcat-NewDishTests-DISH_To_DISH_VoiceCall-1-REFERENCE-R5CT92NBA7F--10112023012552.txt,1,2,3,4,5,6,7,8,9,10-11 16:24:53.969,ModemServiceMode,,,,,,,,,,,,401050,870,n70,0.00,0.00,25 MHz,--,PUCCH,22 dBm,Active,UNBLOCK,PASS,,,,,,,,,,,,
65442de43730378f2a1d149a,Logcat-NewDishTests-DISH_To_DISH_VoiceCall-1-REFERENCE-R5CT92NBA7F--10112023012552.txt,1,2,3,4,5,6,7,8,9,10-11 16:24:55.490,ModemServiceMode,0 0 12 195 401050,313-340,1,Auto,available,REGISTERED,-97,17.5,-11,IDLE,0,401050,870,n70,0.00,0.00,25 MHz,--,PUCCH,,,,,,,,,,,,,,,,
65442de43730378f2a1d149b,Logcat-NewDishTests-DISH_To_DISH_VoiceCall-1-REFERENCE-R5CT92NBA7F--10112023012552.txt,1,2,3,4,5,6,7,8,9,10-11 16:24:55.491,ModemServiceMode,,,,,,,,,,,,,,,,,,,,22 dBm,Active,UNBLOCK,PASS,,,,,,,,,,,,
65442de43730378f2a1d149c,Logcat-NewDishTests-DISH_To_DISH_VoiceCall-1-REFERENCE-R5CT92NBA7F--10112023012552.txt,1,2,3,4,5,6,7,8,9,10-11 16:24:57.014,ModemServiceMode,0 0 12 195 401050,313-340,1,Auto,available,REGISTERED,-96,17.7,-11,IDLE,0,401050,870,n70,0.00,0.00,25 MHz,--,,,,,,,,,,,,,,,,,
65442de43730378f2a1d149d,Logcat-NewDishTests-DISH_To_DISH_VoiceCall-1-REFERENCE-R5CT92NBA7F--10112023012552.txt,1,2,3,4,5,6,7,8,9,10-11 16:24:57.015,ModemServiceMode,,,,,,,,,,,,,,,,,,,PUCCH,22 dBm,Active,UNBLOCK,PASS,,,,,,,,,,,,
65442de43730378f2a1d149e,Logcat-NewDishTests-DISH_To_DISH_VoiceCall-1-REFERENCE-R5CT92NBA7F--10112023012552.txt,1,2,3,4,5,6,7,8,9,10-11 16:24:58.535,ModemServiceMode,0 0 12 195 401050,313-340,1,Auto,available,REGISTERED,-96,17.7,-11,IDLE,0,,,,,,,,,,,,,,,,,,,,,,,,
65442de43730378f2a1d149f,Logcat-NewDishTests-DISH_To_DISH_VoiceCall-1-REFERENCE-R5CT92NBA7F--10112023012552.txt,1,2,3,4,5,6,7,8,9,10-11 16:24:58.536,ModemServiceMode,,,,,,,,,,,,401050,870,n70,0.00,0.00,25 MHz,--,PUCCH,22 dBm,Active,UNBLOCK,PASS,,,,,,,,,,,,
65442de43730378f2a1d14a0,Logcat-NewDishTests-DISH_To_DISH_VoiceCall-1-REFERENCE-R5CT92NBA7F--10112023012552.txt,1,2,3,4,5,6,7,8,9,10-11 16:25:00.056,ModemServiceMode,0 0 12 195 401050,313-340,1,Auto,available,REGISTERED,-96,16.2,-11,IDLE,,,,,,,,,,,,,,,,,,,,,,,,,
65442de43730378f2a1d14a1,Logcat-NewDishTests-DISH_To_DISH_VoiceCall-1-REFERENCE-R5CT92NBA7F--10112023012552.txt,1,2,3,4,5,6,7,8,9,10-11 16:25:00.057,ModemServiceMode,,,,,,,,,,,0,401050,870,n70,0.00,0.00,25 MHz,--,PUCCH,22 dBm,Active,UNBLOCK,PASS,,,,,,,,,,,,
65442de43730378f2a1d14a2,Logcat-NewDishTests-DISH_To_DISH_VoiceCall-1-REFERENCE-R5CT92NBA7F--10112023012552.txt,1,2,3,4,5,6,7,8,9,10-11 16:25:01.579,ModemServiceMode,0 0 12 195 401050,313-340,1,Auto,available,REGISTERED,-96,16.2,-11,IDLE,0,401050,870,n70,0.00,0.00,25 MHz,--,PUCCH,22 dBm,,,,,,,,,,,,,,,
65442de43730378f2a1d14a3,Logcat-NewDishTests-DISH_To_DISH_VoiceCall-1-REFERENCE-R5CT92NBA7F--10112023012552.txt,1,2,3,4,5,6,7,8,9,10-11 16:25:01.580,ModemServiceMode,,,,,,,,,,,,,,,,,,,,,Active,UNBLOCK,PASS,,,,,,,,,,,,
65442de43730378f2a1d14a4,Logcat-NewDishTests-DISH_To_DISH_VoiceCall-1-REFERENCE-R5CT92NBA7F--10112023012552.txt,1,2,3,4,5,6,7,8,9,10-11 16:25:03.105,ModemServiceMode,0 0 12 195 401050,313-340,1,Auto,available,REGISTERED,-94,20.0,-11,IDLE,0,401050,,,,,,,,,,,,,,,,,,,,,,,
65442de43730378f2a1d14a5,Logcat-NewDishTests-DISH_To_DISH_VoiceCall-1-REFERENCE-R5CT92NBA7F--10112023012552.txt,1,2,3,4,5,6,7,8,9,10-11 16:25:03.106,ModemServiceMode,,,,,,,,,,,,,870,n70,0.00,0.00,25 MHz,--,PUCCH,22 dBm,Active,UNBLOCK,PASS,,,,,,,,,,,,
65442de43730378f2a1d14a6,Logcat-NewDishTests-DISH_To_DISH_VoiceCall-1-REFERENCE-R5CT92NBA7F--10112023012552.txt,1,2,3,4,5,6,7,8,9,10-11 16:25:04.626,ModemServiceMode,0 0 12 195 401050,313-340,1,Auto,available,REGISTERED,-98,19.7,-11,IDLE,0,401050,870,n70,20.00,0.00,25 MHz,--,PUCCH,22 dBm,Active,UNBLOCK,PASS,,,,,,,,,,,,
65442de43730378f2a1d14a7,Logcat-NewDishTests-DISH_To_DISH_VoiceCall-1-REFERENCE-R5CT92NBA7F--10112023012552.txt,1,2,3,4,5,6,7,8,9,10-11 16:25:06.146,ModemServiceMode,0 0 12 195 401050,313-340,1,Auto,available,REGISTERED,,,,,,,,,,,,,,,,,,,,,,,,,,,,,
65442de43730378f2a1d14a8,Logcat-NewDishTests-DISH_To_DISH_VoiceCall-1-REFERENCE-R5CT92NBA7F--10112023012552.txt,1,2,3,4,5,6,7,8,9,10-11 16:25:06.147,ModemServiceMode,,,,,,,-98,19.7,-11,IDLE,0,401050,870,n70,0.00,0.00,25 MHz,--,PUCCH,22 dBm,Active,UNBLOCK,PASS,,,,,,,,,,,,
65442de43730378f2a1d14a9,Logcat-NewDishTests-DISH_To_DISH_VoiceCall-1-REFERENCE-R5CT92NBA7F--10112023012552.txt,1,2,3,4,5,6,7,8,9,10-11 16:25:07.664,ModemServiceMode,0 0 12 195 401050,313-340,1,Auto,available,REGISTERED,-96,16.7,-11,IDLE,0,401050,870,n70,0.00,0.00,25 MHz,--,,,,,,,,,,,,,,,,,
65442de43730378f2a1d14aa,Logcat-NewDishTests-DISH_To_DISH_VoiceCall-1-REFERENCE-R5CT92NBA7F--10112023012552.txt,1,2,3,4,5,6,7,8,9,10-11 16:25:07.665,ModemServiceMode,,,,,,,,,,,,,,,,,,,PUCCH,22 dBm,Active,UNBLOCK,PASS,,,,,,,,,,,,
65442de43730378f2a1d14ab,Logcat-NewDishTests-DISH_To_DISH_VoiceCall-1-REFERENCE-R5CT92NBA7F--10112023012552.txt,1,2,3,4,5,6,7,8,9,10-11 16:25:09.190,ModemServiceMode,0 0 12 195 401050,313-340,1,Auto,available,REGISTERED,-96,16.7,-11,IDLE,,,,,,,,,,,,,,,,,,,,,,,,,
65442de43730378f2a1d14ac,Logcat-NewDishTests-DISH_To_DISH_VoiceCall-1-REFERENCE-R5CT92NBA7F--10112023012552.txt,1,2,3,4,5,6,7,8,9,10-11 16:25:09.191,ModemServiceMode,,,,,,,,,,,0,401050,870,n70,0.00,0.00,25 MHz,--,PUCCH,22 dBm,Active,UNBLOCK,PASS,,,,,,,,,,,,
65442de43730378f2a1d14ad,Logcat-NewDishTests-DISH_To_DISH_VoiceCall-1-REFERENCE-R5CT92NBA7F--10112023012552.txt,1,2,3,4,5,6,7,8,9,10-11 16:25:10.712,ModemServiceMode,0 0 12 195 401050,313-340,1,Auto,available,REGISTERED,-97,16.2,-11,IDLE,0,401050,870,n70,0.00,0.00,25 MHz,--,PUCCH,22 dBm,Active,UNBLOCK,,,,,,,,,,,,,
65442de43730378f2a1d14ae,Logcat-NewDishTests-DISH_To_DISH_VoiceCall-1-REFERENCE-R5CT92NBA7F--10112023012552.txt,1,2,3,4,5,6,7,8,9,10-11 16:25:10.713,ModemServiceMode,,,,,,,,,,,,,,,,,,,,,,,PASS,,,,,,,,,,,,
65442de43730378f2a1d14af,Logcat-NewDishTests-DISH_To_DISH_VoiceCall-1-REFERENCE-R5CT92NBA7F--10112023012552.txt,1,2,3,4,5,6,7,8,9,10-11 16:25:12.235,ModemServiceMode,0 0 12 195 401050,313-340,1,Auto,available,REGISTERED,-99,16.5,-11,IDLE,,,,,,,,,,,,,,,,,,,,,,,,,
65442de43730378f2a1d14b0,Logcat-NewDishTests-DISH_To_DISH_VoiceCall-1-REFERENCE-R5CT92NBA7F--10112023012552.txt,1,2,3,4,5,6,7,8,9,10-11 16:25:12.236,ModemServiceMode,,,,,,,,,,,0,401050,870,n70,0.00,0.00,25 MHz,--,PUCCH,22 dBm,Active,UNBLOCK,PASS,,,,,,,,,,,,
65442de43730378f2a1d14b1,Logcat-NewDishTests-DISH_To_DISH_VoiceCall-1-REFERENCE-R5CT92NBA7F--10112023012552.txt,1,2,3,4,5,6,7,8,9,10-11 16:25:13.756,ModemServiceMode,0 0 12 195 401050,313-340,1,Auto,available,REGISTERED,-99,16.5,-11,IDLE,0,401050,870,n70,0.00,0.00,25 MHz,--,PUCCH,22 dBm,Active,,,,,,,,,,,,,,
65442de43730378f2a1d14b2,Logcat-NewDishTests-DISH_To_DISH_VoiceCall-1-REFERENCE-R5CT92NBA7F--10112023012552.txt,1,2,3,4,5,6,7,8,9,10-11 16:25:13.757,ModemServiceMode,,,,,,,,,,,,,,,,,,,,,,UNBLOCK,PASS,,,,,,,,,,,,
65442de43730378f2a1d14b3,Logcat-NewDishTests-DISH_To_DISH_VoiceCall-1-REFERENCE-R5CT92NBA7F--10112023012552.txt,1,2,3,4,5,6,7,8,9,10-11 16:25:15.278,ModemServiceMode,0 0 12 195 401050,313-340,1,Auto,available,REGISTERED,-98,16.7,,,,,,,,,,,,,,,,,,,,,,,,,,,
65442de43730378f2a1d14b4,Logcat-NewDishTests-DISH_To_DISH_VoiceCall-1-REFERENCE-R5CT92NBA7F--10112023012552.txt,1,2,3,4,5,6,7,8,9,10-11 16:25:15.279,ModemServiceMode,,,,,,,,,-11,IDLE,0,401050,870,n70,0.00,0.00,25 MHz,--,PUCCH,22 dBm,Active,UNBLOCK,PASS,,,,,,,,,,,,
65442de43730378f2a1d14b5,Logcat-NewDishTests-DISH_To_DISH_VoiceCall-1-REFERENCE-R5CT92NBA7F--10112023012552.txt,1,2,3,4,5,6,7,8,9,10-11 16:25:16.797,ModemServiceMode,0 0 12 195 401050,313-340,1,Auto,available,REGISTERED,-98,16.7,-11,IDLE,0,401050,870,n70,0.00,,,,,,,,,,,,,,,,,,,,
65442de43730378f2a1d14b6,Logcat-NewDishTests-DISH_To_DISH_VoiceCall-1-REFERENCE-R5CT92NBA7F--10112023012552.txt,1,2,3,4,5,6,7,8,9,10-11 16:25:16.798,ModemServiceMode,,,,,,,,,,,,,,,,0.00,25 MHz,--,PUCCH,22 dBm,Active,UNBLOCK,PASS,,,,,,,,,,,,
65442de43730378f2a1d14b7,Logcat-NewDishTests-DISH_To_DISH_VoiceCall-1-REFERENCE-R5CT92NBA7F--10112023012552.txt,1,2,3,4,5,6,7,8,9,10-11 16:25:18.319,ModemServiceMode,0 0 12 195 401050,313-340,1,Auto,available,REGISTERED,-98,16.5,-11,IDLE,0,401050,870,n70,0.00,0.00,25 MHz,--,PUCCH,22 dBm,,,,,,,,,,,,,,,
65442de43730378f2a1d14b8,Logcat-NewDishTests-DISH_To_DISH_VoiceCall-1-REFERENCE-R5CT92NBA7F--10112023012552.txt,1,2,3,4,5,6,7,8,9,10-11 16:25:18.320,ModemServiceMode,,,,,,,,,,,,,,,,,,,,,Active,UNBLOCK,PASS,,,,,,,,,,,,
65442de43730378f2a1d14b9,Logcat-NewDishTests-DISH_To_DISH_VoiceCall-1-REFERENCE-R5CT92NBA7F--10112023012552.txt,1,2,3,4,5,6,7,8,9,10-11 16:25:19.842,ModemServiceMode,0 0 12 195 401050,313-340,1,Auto,available,REGISTERED,-97,17.5,-11,IDLE,0,401050,870,n70,0.00,0.00,25 MHz,--,PUCCH,22 dBm,Active,UNBLOCK,,,,,,,,,,,,,
65442de43730378f2a1d14ba,Logcat-NewDishTests-DISH_To_DISH_VoiceCall-1-REFERENCE-R5CT92NBA7F--10112023012552.txt,1,2,3,4,5,6,7,8,9,10-11 16:25:19.843,ModemServiceMode,,,,,,,,,,,,,,,,,,,,,,,PASS,,,,,,,,,,,,
65442de43730378f2a1d14bb,Logcat-NewDishTests-DISH_To_DISH_VoiceCall-1-REFERENCE-R5CT92NBA7F--10112023012552.txt,1,2,3,4,5,6,7,8,9,10-11 16:25:21.363,ModemServiceMode,0 0 12 195 401050,313-340,1,Auto,,,,,,,,,,,,,,,,,,,,,,,,,,,,,,,
65442de43730378f2a1d14bc,Logcat-NewDishTests-DISH_To_DISH_VoiceCall-1-REFERENCE-R5CT92NBA7F--10112023012552.txt,1,2,3,4,5,6,7,8,9,10-11 16:25:21.364,ModemServiceMode,,,,,available,REGISTERED,-97,17.5,-11,IDLE,0,401050,870,n70,0.00,0.00,25 MHz,--,PUCCH,22 dBm,Active,UNBLOCK,PASS,,,,,,,,,,,,
65442de43730378f2a1d14bd,Logcat-NewDishTests-DISH_To_DISH_VoiceCall-1-REFERENCE-R5CT92NBA7F--10112023012552.txt,1,2,3,4,5,6,7,8,9,10-11 16:25:22.881,ModemServiceMode,0 0 12 195 401050,313-340,1,Auto,available,REGISTERED,-96,18.7,-11,IDLE,0,401050,,,,,,,,,,,,,,,,,,,,,,,
65442de43730378f2a1d14be,Logcat-NewDishTests-DISH_To_DISH_VoiceCall-1-REFERENCE-R5CT92NBA7F--10112023012552.txt,1,2,3,4,5,6,7,8,9,10-11 16:25:22.882,ModemServiceMode,,,,,,,,,,,,,870,n70,0.00,0.00,25 MHz,--,PUCCH,22 dBm,Active,UNBLOCK,PASS,,,,,,,,,,,,
65442de43730378f2a1d14bf,Logcat-NewDishTests-DISH_To_DISH_VoiceCall-1-REFERENCE-R5CT92NBA7F--10112023012552.txt,1,2,3,4,5,6,7,8,9,10-11 16:25:24.401,ModemServiceMode,0 0 12 195 401050,313-340,1,,,,,,,,,,,,,,,,,,,,,,,,,,,,,,,,
65442de43730378f2a1d14c0,Logcat-NewDishTests-DISH_To_DISH_VoiceCall-1-REFERENCE-R5CT92NBA7F--10112023012552.txt,1,2,3,4,5,6,7,8,9,10-11 16:25:24.402,ModemServiceMode,,,,Auto,available,REGISTERED,-96,18.7,-11,IDLE,0,401050,870,n70,0.00,0.00,25 MHz,--,PUCCH,22 dBm,Active,UNBLOCK,PASS,,,,,,,,,,,,
65442de43730378f2a1d14c1,Logcat-NewDishTests-DISH_To_DISH_VoiceCall-1-REFERENCE-R5CT92NBA7F--10112023012552.txt,1,2,3,4,5,6,7,8,9,10-11 16:25:25.921,ModemServiceMode,0 0 12 195 401050,313-340,1,Auto,available,REGISTERED,-95,19.2,-11,IDLE,0,401050,870,n70,0.00,0.00,25 MHz,--,PUCCH,,,,,,,,,,,,,,,,
65442de43730378f2a1d14c2,Logcat-NewDishTests-DISH_To_DISH_VoiceCall-1-REFERENCE-R5CT92NBA7F--10112023012552.txt,1,2,3,4,5,6,7,8,9,10-11 16:25:25.922,ModemServiceMode,,,,,,,,,,,,,,,,,,,,22 dBm,Active,UNBLOCK,PASS,,,,,,,,,,,,
65442de43730378f2a1d14c3,Logcat-NewDishTests-DISH_To_DISH_VoiceCall-1-REFERENCE-R5CT92NBA7F--10112023012552.txt,1,2,3,4,5,6,7,8,9,10-11 16:25:27.442,ModemServiceMode,0 0 12 195 401050,313-340,1,Auto,available,REGISTERED,-95,16.7,-11,IDLE,0,401050,870,n70,0.00,0.00,25 MHz,--,PUCCH,22 dBm,Active,UNBLOCK,PASS,,,,,,,,,,,,
65442de43730378f2a1d14c4,Logcat-NewDishTests-DISH_To_DISH_VoiceCall-1-REFERENCE-R5CT92NBA7F--10112023012552.txt,1,2,3,4,5,6,7,8,9,10-11 16:25:28.966,ModemServiceMode,0 0 12 195 401050,313-340,1,Auto,available,REGISTERED,-95,16.7,-11,,,,,,,,,,,,,,,,,,,,,,,,,,
65442de43730378f2a1d14c5,Logcat-NewDishTests-DISH_To_DISH_VoiceCall-1-REFERENCE-R5CT92NBA7F--10112023012552.txt,1,2,3,4,5,6,7,8,9,10-11 16:25:28.967,ModemServiceMode,,,,,,,,,,IDLE,0,401050,870,n70,0.00,0.00,25 MHz,--,PUCCH,22 dBm,Active,UNBLOCK,PASS,,,,,,,,,,,,
65442de43730378f2a1d14c6,Logcat-NewDishTests-DISH_To_DISH_VoiceCall-1-REFERENCE-R5CT92NBA7F--10112023012552.txt,1,2,3,4,5,6,7,8,9,10-11 16:25:30.489,ModemServiceMode,0 0 12 195 401050,313-340,1,Auto,available,REGISTERED,-95,18.5,-11,IDLE,0,401050,870,n70,0.00,0.00,25 MHz,--,PUCCH,22 dBm,Active,,,,,,,,,,,,,,
65442de43730378f2a1d14c7,Logcat-NewDishTests-DISH_To_DISH_VoiceCall-1-REFERENCE-R5CT92NBA7F--10112023012552.txt,1,2,3,4,5,6,7,8,9,10-11 16:25:30.490,ModemServiceMode,,,,,,,,,,,,,,,,,,,,,,UNBLOCK,PASS,,,,,,,,,,,,
65442de43730378f2a1d14c8,Logcat-NewDishTests-DISH_To_DISH_VoiceCall-1-REFERENCE-R5CT92NBA7F--10112023012552.txt,1,2,3,4,5,6,7,8,9,10-11 16:25:32.008,ModemServiceMode,0 0 12 195 401050,313-340,1,Auto,available,REGISTERED,-95,18.5,-11,IDLE,0,401050,870,n70,0.00,0.00,25 MHz,--,PUCCH,22 dBm,Active,,,,,,,,,,,,,,
65442de43730378f2a1d14c9,Logcat-NewDishTests-DISH_To_DISH_VoiceCall-1-REFERENCE-R5CT92NBA7F--10112023012552.txt,1,2,3,4,5,6,7,8,9,10-11 16:25:32.009,ModemServiceMode,,,,,,,,,,,,,,,,,,,,,,UNBLOCK,PASS,,,,,,,,,,,,
65442de43730378f2a1d14ca,Logcat-NewDishTests-DISH_To_DISH_VoiceCall-1-REFERENCE-R5CT92NBA7F--10112023012552.txt,1,2,3,4,5,6,7,8,9,10-11 16:25:33.529,ModemServiceMode,0 0 12 195 401050,313-340,1,Auto,available,REGISTERED,-101,16.0,-11,IDLE,0,401050,870,n70,20.00,0.00,25 MHz,--,,,,,,,,,,,,,,,,,
65442de43730378f2a1d14cb,Logcat-NewDishTests-DISH_To_DISH_VoiceCall-1-REFERENCE-R5CT92NBA7F--10112023012552.txt,1,2,3,4,5,6,7,8,9,10-11 16:25:33.530,ModemServiceMode,,,,,,,,,,,,,,,,,,,PUCCH,22 dBm,Active,UNBLOCK,PASS,,,,,,,,,,,,
65442de43730378f2a1d14cc,Logcat-NewDishTests-DISH_To_DISH_VoiceCall-1-REFERENCE-R5CT92NBA7F--10112023012552.txt,1,2,3,4,5,6,7,8,9,10-11 16:25:35.056,ModemServiceMode,0 0 12 195 401050,313-340,1,Auto,available,REGISTERED,-96,19.0,-11,IDLE,0,401050,870,n70,0.00,0.00,25 MHz,--,PUCCH,,,,,,,,,,,,,,,,
65442de43730378f2a1d14cd,Logcat-NewDishTests-DISH_To_DISH_VoiceCall-1-REFERENCE-R5CT92NBA7F--10112023012552.txt,1,2,3,4,5,6,7,8,9,10-11 16:25:35.057,ModemServiceMode,,,,,,,,,,,,,,,,,,,,22 dBm,Active,UNBLOCK,PASS,,,,,,,,,,,,
65442de43730378f2a1d14ce,Logcat-NewDishTests-DISH_To_DISH_VoiceCall-1-REFERENCE-R5CT92NBA7F--10112023012552.txt,1,2,3,4,5,6,7,8,9,10-11 16:25:36.576,ModemServiceMode,0 0 12 195 401050,313-340,1,Auto,available,REGISTERED,-96,19.0,-11,IDLE,0,401050,870,n70,0.00,0.00,25 MHz,--,PUCCH,22 dBm,Active,UNBLOCK,PASS,,,,,,,,,,,,
65442de43730378f2a1d14cf,Logcat-NewDishTests-DISH_To_DISH_VoiceCall-1-REFERENCE-R5CT92NBA7F--10112023012552.txt,1,2,3,4,5,6,7,8,9,10-11 16:25:38.096,ModemServiceMode,0 0 12 195 401050,313-340,1,Auto,available,REGISTERED,-95,17.5,-11,IDLE,0,401050,870,n70,0.00,0.00,25 MHz,--,PUCCH,22 dBm,Active,,,,,,,,,,,,,,
65442de43730378f2a1d14d0,Logcat-NewDishTests-DISH_To_DISH_VoiceCall-1-REFERENCE-R5CT92NBA7F--10112023012552.txt,1,2,3,4,5,6,7,8,9,10-11 16:25:38.097,ModemServiceMode,,,,,,,,,,,,,,,,,,,,,,UNBLOCK,PASS,,,,,,,,,,,,
65442de43730378f2a1d14d1,Logcat-NewDishTests-DISH_To_DISH_VoiceCall-1-REFERENCE-R5CT92NBA7F--10112023012552.txt,1,2,3,4,5,6,7,8,9,10-11 16:25:39.615,ModemServiceMode,0 0 12 195 401050,313-340,1,Auto,available,REGISTERED,-95,17.5,-11,IDLE,0,401050,870,n70,0.00,0.00,25 MHz,--,PUCCH,,,,,,,,,,,,,,,,
65442de43730378f2a1d14d2,Logcat-NewDishTests-DISH_To_DISH_VoiceCall-1-REFERENCE-R5CT92NBA7F--10112023012552.txt,1,2,3,4,5,6,7,8,9,10-11 16:25:39.616,ModemServiceMode,,,,,,,,,,,,,,,,,,,,22 dBm,Active,UNBLOCK,PASS,,,,,,,,,,,,
65442de43730378f2a1d14d3,Logcat-NewDishTests-DISH_To_DISH_VoiceCall-1-REFERENCE-R5CT92NBA7F--10112023012552.txt,1,2,3,4,5,6,7,8,9,10-11 16:25:41.137,ModemServiceMode,0 0 12 195 401050,313-340,1,Auto,available,REGISTERED,-97,16.0,-11,IDLE,0,401050,870,n70,0.00,0.00,25 MHz,--,PUCCH,,,,,,,,,,,,,,,,
65442de43730378f2a1d14d4,Logcat-NewDishTests-DISH_To_DISH_VoiceCall-1-REFERENCE-R5CT92NBA7F--10112023012552.txt,1,2,3,4,5,6,7,8,9,10-11 16:25:41.138,ModemServiceMode,,,,,,,,,,,,,,,,,,,,22 dBm,Active,UNBLOCK,PASS,,,,,,,,,,,,
65442de43730378f2a1d14d5,Logcat-NewDishTests-DISH_To_DISH_VoiceCall-1-REFERENCE-R5CT92NBA7F--10112023012552.txt,1,2,3,4,5,6,7,8,9,10-11 16:25:42.657,ModemServiceMode,0 0 12 195 401050,313-340,1,Auto,available,REGISTERED,,,,,,,,,,,,,,,,,,,,,,,,,,,,,
65442de43730378f2a1d14d6,Logcat-NewDishTests-DISH_To_DISH_VoiceCall-1-REFERENCE-R5CT92NBA7F--10112023012552.txt,1,2,3,4,5,6,7,8,9,10-11 16:25:42.658,ModemServiceMode,,,,,,,-97,16.0,-11,IDLE,0,401050,870,n70,0.00,0.00,25 MHz,--,PUCCH,22 dBm,Active,UNBLOCK,PASS,,,,,,,,,,,,
65442de43730378f2a1d14d7,Logcat-NewDishTests-DISH_To_DISH_VoiceCall-1-REFERENCE-R5CT92NBA7F--10112023012552.txt,1,2,3,4,5,6,7,8,9,10-11 16:25:44.178,ModemServiceMode,0 0 12 195 401050,313-340,1,Auto,available,REGISTERED,-92,19.2,-11,IDLE,3,401050,872,n70,3.08,0.00,25 MHz,--,PUCCH,,,,,,,,,,,,,,,,
65442de43730378f2a1d14d8,Logcat-NewDishTests-DISH_To_DISH_VoiceCall-1-REFERENCE-R5CT92NBA7F--10112023012552.txt,1,2,3,4,5,6,7,8,9,10-11 16:25:44.179,ModemServiceMode,,,,,,,,,,,,,,,,,,,,22 dBm,Active,UNBLOCK,PASS,,,,,,,,,,,,
65442de43730378f2a1d14d9,Logcat-NewDishTests-DISH_To_DISH_VoiceCall-1-REFERENCE-R5CT92NBA7F--10112023012552.txt,1,2,3,4,5,6,7,8,9,10-11 16:25:45.689,ModemServiceMode,0 0 12 195 401050,313-340,1,Auto,available,REGISTERED,-95,23.5,-11,IDLE,3,401050,872,n70,0.00,0.00,25 MHz,--,PUCCH,,,,,,,,,,,,,,,,
65442de43730378f2a1d14da,Logcat-NewDishTests-DISH_To_DISH_VoiceCall-1-REFERENCE-R5CT92NBA7F--10112023012552.txt,1,2,3,4,5,6,7,8,9,10-11 16:25:45.690,ModemServiceMode,,,,,,,,,,,,,,,,,,,,22 dBm,Active,UNBLOCK,PASS,,,,,,,,,,,,
65442de43730378f2a1d14db,Logcat-NewDishTests-DISH_To_DISH_VoiceCall-1-REFERENCE-R5CT92NBA7F--10112023012552.txt,1,2,3,4,5,6,7,8,9,10-11 16:25:47.206,ModemServiceMode,0 0 12 195 401050,313-340,1,Auto,available,REGISTERED,,,,,,,,,,,,,,,,,,,,,,,,,,,,,
65442de43730378f2a1d14dc,Logcat-NewDishTests-DISH_To_DISH_VoiceCall-1-REFERENCE-R5CT92NBA7F--10112023012552.txt,1,2,3,4,5,6,7,8,9,10-11 16:25:47.207,ModemServiceMode,,,,,,,-95,23.5,-11,IDLE,3,401050,872,n70,0.00,0.00,25 MHz,--,PUCCH,22 dBm,Active,UNBLOCK,PASS,,,,,,,,,,,,
65442de43730378f2a1d14dd,Logcat-NewDishTests-DISH_To_DISH_VoiceCall-1-REFERENCE-R5CT92NBA7F--10112023012552.txt,1,2,3,4,5,6,7,8,9,10-11 16:25:48.726,ModemServiceMode,0 0 12 195 401050,313-340,1,Auto,available,REGISTERED,-97,21.2,-11,IDLE,3,401050,872,n70,0.00,0.00,25 MHz,--,PUCCH,22 dBm,Active,UNBLOCK,PASS,,,,,,,,,,,,
65442de43730378f2a1d14de,Logcat-NewDishTests-DISH_To_DISH_VoiceCall-1-REFERENCE-R5CT92NBA7F--10112023012552.txt,1,2,3,4,5,6,7,8,9,10-11 16:25:50.247,ModemServiceMode,0 0 12 195 401050,313-340,1,Auto,available,REGISTERED,-97,,,,,,,,,,,,,,,,,,,,,,,,,,,,
65442de43730378f2a1d14df,Logcat-NewDishTests-DISH_To_DISH_VoiceCall-1-REFERENCE-R5CT92NBA7F--10112023012552.txt,1,2,3,4,5,6,7,8,9,10-11 16:25:50.248,ModemServiceMode,,,,,,,,21.2,-11,IDLE,3,401050,872,n70,0.00,0.00,25 MHz,--,PUCCH,22 dBm,Active,UNBLOCK,PASS,,,,,,,,,,,,
65442de43730378f2a1d14e0,Logcat-NewDishTests-DISH_To_DISH_VoiceCall-1-REFERENCE-R5CT92NBA7F--10112023012552.txt,1,2,3,4,5,6,7,8,9,10-11 16:25:51.767,ModemServiceMode,0 0 12 195 401050,313-340,1,Auto,available,REGISTERED,-95,23.2,-11,IDLE,3,401050,872,n70,0.00,0.00,25 MHz,--,PUCCH,,,,,,,,,,,,,,,,
65442de43730378f2a1d14e1,Logcat-NewDishTests-DISH_To_DISH_VoiceCall-1-REFERENCE-R5CT92NBA7F--10112023012552.txt,1,2,3,4,5,6,7,8,9,10-11 16:25:51.768,ModemServiceMode,,,,,,,,,,,,,,,,,,,,22 dBm,Active,UNBLOCK,PASS,,,,,,,,,,,,
65442de43730378f2a1d14e2,Logcat-NewDishTests-DISH_To_DISH_VoiceCall-1-REFERENCE-R5CT92NBA7F--10112023012552.txt,1,2,3,4,5,6,7,8,9,10-11 16:24:00.456,Telecom,,,,,,,,,,,,,,,,,,,,,,,,2489,Event: RecordEntry ,Event: RecordEntry TC@2489: CREATED, CREATED,INCOMING,,,,,,,
65442de43730378f2a1d14e3,Logcat-NewDishTests-DISH_To_DISH_VoiceCall-1-REFERENCE-R5CT92NBA7F--10112023012552.txt,1,2,3,4,5,6,7,8,9,10-11 16:24:00.495,Telecom,***********,,,,,,,,,,,,,,,,,,,,,,,2489,Event: RecordEntry ,Event: RecordEntry TC@2489: START_CONNECTION, START_CONNECTION,,,,,,,,
65442de43730378f2a1d14e4,Logcat-NewDishTests-DISH_To_DISH_VoiceCall-1-REFERENCE-R5CT92NBA7F--10112023012552.txt,1,2,3,4,5,6,7,8,9,10-11 16:24:00.872,Telecom,successful incoming call,,,,,,,,,,,,,,,,,,,,,,,2489,Event: RecordEntry ,Event: RecordEntry TC@2489: SET_RINGING, SET_RINGING,,,,,,,,
65442de43730378f2a1d14e5,Logcat-NewDishTests-DISH_To_DISH_VoiceCall-1-REFERENCE-R5CT92NBA7F--10112023012552.txt,1,2,3,4,5,6,7,8,9,10-11 16:24:00.882,Telecom,tel:***********,,,,,,,,,,,,,,,,,,,,,,,2489,InCallController,InCallController: onCallAdded, onCallAdded,,,,,,,,
65442de43730378f2a1d14e6,Logcat-NewDishTests-DISH_To_DISH_VoiceCall-1-REFERENCE-R5CT92NBA7F--10112023012552.txt,1,2,3,4,5,6,7,8,9,10-11 16:24:01.337,Telecom,false,,,,,,,,,,,,,,,,,,,,,,,2489,Event: RecordEntry ,Event: RecordEntry TC@2489: RINGER_INFO, RINGER_INFO,,,,,,,,
65442de43730378f2a1d14e7,Logcat-NewDishTests-DISH_To_DISH_VoiceCall-1-REFERENCE-R5CT92NBA7F--10112023012552.txt,1,2,3,4,5,6,7,8,9,10-11 16:24:21.268,Telecom,,,,,,,,,,,,,,,,,,,,,,,,2489,InCallController,InCallController: Sending updateCall , Sending updateCall ,RINGING,,,,,,,
65442de43730378f2a1d14e8,Logcat-NewDishTests-DISH_To_DISH_VoiceCall-1-REFERENCE-R5CT92NBA7F--10112023012552.txt,1,2,3,4,5,6,7,8,9,10-11 16:24:21.281,Telecom,,,,,,,,,,,,,,,,,,,,,,,,2489,InCallController,InCallController: Sending updateCall , Sending updateCall ,RINGING,,,,,,,
65442de43730378f2a1d14e9,Logcat-NewDishTests-DISH_To_DISH_VoiceCall-1-REFERENCE-R5CT92NBA7F--10112023012552.txt,1,2,3,4,5,6,7,8,9,10-11 16:24:21.287,Telecom,,,,,,,,,,,,,,,,,,,,,,,,2489,Event: RecordEntry ,Event: RecordEntry TC@2489: SET_DISCONNECTED, SET_DISCONNECTED,,,"210, INCOMING_MISSED","510 CODE_USER_TERMINATED_BY_REMOTE, 210, null",,,,
65442de43730378f2a1d14ea,Logcat-NewDishTests-DISH_To_DISH_VoiceCall-1-REFERENCE-R5CT92NBA7F--10112023012552.txt,1,2,3,4,5,6,7,8,9,10-11 16:24:21.308,Telecom,,,,,,,,,,,,,,,,,,,,,,,,2489,InCallController,InCallController: Sending updateCall , Sending updateCall ,DISCONNECTED,,,,,,,
65442de43730378f2a1d14eb,Logcat-NewDishTests-DISH_To_DISH_VoiceCall-1-REFERENCE-R5CT92NBA7F--10112023012552.txt,1,2,3,4,5,6,7,8,9,10-11 16:24:21.321,Telecom,,,,,,,,,,,,,,,,,,,,,,,,2489,InCallController,InCallController: Sending updateCall , Sending updateCall ,DISCONNECTED,,,,,,,
65442de43730378f2a1d14ec,Logcat-NewDishTests-DISH_To_DISH_VoiceCall-1-REFERENCE-R5CT92NBA7F--10112023012552.txt,1,2,3,4,5,6,7,8,9,10-11 16:24:21.324,Telecom,,,,,,,,,,,,,,,,,,,,,,,,2489,InCallController,InCallController: Sending updateCall , Sending updateCall ,DISCONNECTED,,,,,,,
65442de43730378f2a1d14ed,Logcat-NewDishTests-DISH_To_DISH_VoiceCall-1-REFERENCE-R5CT92NBA7F--10112023012552.txt,1,2,3,4,5,6,7,8,9,10-11 16:24:21.335,Telecom,null,,,,,,,,,,,,,,,,,,,,,,,2489,Event: RecordEntry ,Event: RecordEntry TC@2489: DESTROYED, DESTROYED,,,,,,,,
65442de43730378f2a1d14ee,Logcat-NewDishTests-DISH_To_DISH_VoiceCall-1-REFERENCE-R5CT92NBA7F--10112023012552.txt,1,2,3,4,5,6,7,8,9,10-11 16:23:59.459,SIPMSG,sip:xxxxxxxxxxxxxxx@xxx.xxx.xxx.xxx:6100 ,,,,,,,,,,,,,,,,,,,,,,,,Network to UE,INVITE,INVITE,INCOMING,,,,2.0,1,,
65442de43730378f2a1d14ef,Logcat-NewDishTests-DISH_To_DISH_VoiceCall-1-REFERENCE-R5CT92NBA7F--10112023012552.txt,1,2,3,4,5,6,7,8,9,10-11 16:23:59.590,SIPMSG,,,,,,,,,,,,,,,,,,,,,,,,,UE to Network,INVITE, 183 Session Progress,INCOMING,,,,2.0,1,,
65442de43730378f2a1d14f0,Logcat-NewDishTests-DISH_To_DISH_VoiceCall-1-REFERENCE-R5CT92NBA7F--10112023012552.txt,1,2,3,4,5,6,7,8,9,10-11 16:23:59.913,SIPMSG,sip:xxxxxxxxxxxxxxx@xxx.xxx.xxx.xxx:6100 ,,,,,,,,,,,,,,,,,,,,,,,,Network to UE,PRACK,PRACK,INCOMING,,,,2.0,2,,
65442de43730378f2a1d14f1,Logcat-NewDishTests-DISH_To_DISH_VoiceCall-1-REFERENCE-R5CT92NBA7F--10112023012552.txt,1,2,3,4,5,6,7,8,9,10-11 16:23:59.932,SIPMSG,,,,,,,,,,,,,,,,,,,,,,,,,UE to Network,PRACK, 200 OK,INCOMING,,,,2.0,2,,
65442de43730378f2a1d14f2,Logcat-NewDishTests-DISH_To_DISH_VoiceCall-1-REFERENCE-R5CT92NBA7F--10112023012552.txt,1,2,3,4,5,6,7,8,9,10-11 16:23:59.944,SIPMSG,,,,,,,,,,,,,,,,,,,,,,,,,UE to Network,INVITE, 180 Ringing,INCOMING,,,,2.0,1,,
65442de43730378f2a1d14f3,Logcat-NewDishTests-DISH_To_DISH_VoiceCall-1-REFERENCE-R5CT92NBA7F--10112023012552.txt,1,2,3,4,5,6,7,8,9,10-11 16:24:21.137,SIPMSG,sip:xxxxxxxxxxxxxxx@xxx.xxx.xxx.xxx:6100 ,,,,,,,,,,,,,,,,,,,,,,,,Network to UE,CANCEL,CANCEL,INCOMING,,,,2.0,1,,
65442de43730378f2a1d14f4,Logcat-NewDishTests-DISH_To_DISH_VoiceCall-1-REFERENCE-R5CT92NBA7F--10112023012552.txt,1,2,3,4,5,6,7,8,9,10-11 16:24:21.145,SIPMSG,,,,,,,,,,,,,,,,,,,,,,,,,UE to Network,CANCEL, 200 OK,INCOMING,,,,2.0,1,,
65442de43730378f2a1d14f5,Logcat-NewDishTests-DISH_To_DISH_VoiceCall-1-REFERENCE-R5CT92NBA7F--10112023012552.txt,1,2,3,4,5,6,7,8,9,10-11 16:24:21.153,SIPMSG,,,,,,,,,,,,,,,,,,,,,,,,,UE to Network,INVITE, 487 Request Terminated,INCOMING,,,,2.0,1,,
65442df9f2fbd1b644e87888,Logcat-UX_44_SMS_Tests-SMS-1-DUT-R5CT92NMBKV--11012023113844_ExecID-1803257_IterID-3734587.txt,1,2,3,4,5,6,7,8,9,11-01 12:37:59.560,ModemServiceMode,0 0 9 168 66711,313-340,1,,,,,,,,,,,,,,,,,,,,,,,,,,,,,,,,
65442df9f2fbd1b644e87889,Logcat-UX_44_SMS_Tests-SMS-1-DUT-R5CT92NMBKV--11012023113844_ExecID-1803257_IterID-3734587.txt,1,2,3,4,5,6,7,8,9,11-01 12:37:59.561,ModemServiceMode,,,,Manual,,,,,,,--,--,--,--,,,--,,--,--,,,,,,,,,,,,,,,
65442df9f2fbd1b644e8788a,Logcat-UX_44_SMS_Tests-SMS-1-DUT-R5CT92NMBKV--11012023113844_ExecID-1803257_IterID-3734587.txt,1,2,3,4,5,6,7,8,9,11-01 12:37:59.562,ModemServiceMode,,,,,,,,,,,,,,,,,,,,,,UNBLOCK,PASS,,,,,,,,,,,,
65442df9f2fbd1b644e8788b,Logcat-UX_44_SMS_Tests-SMS-1-DUT-R5CT92NMBKV--11012023113844_ExecID-1803257_IterID-3734587.txt,1,2,3,4,5,6,7,8,9,11-01 12:38:01.079,ModemServiceMode,0 0 9 168 66711,313-340,1,Manual,,,,,,,--,--,,,,,,,,,,,,,,,,,,,,,,,
65442df9f2fbd1b644e8788c,Logcat-UX_44_SMS_Tests-SMS-1-DUT-R5CT92NMBKV--11012023113844_ExecID-1803257_IterID-3734587.txt,1,2,3,4,5,6,7,8,9,11-01 12:38:01.080,ModemServiceMode,,,,,,,,,,,,,--,--,,,--,,--,--,,UNBLOCK,PASS,,,,,,,,,,,,
65442df9f2fbd1b644e8788d,Logcat-UX_44_SMS_Tests-SMS-1-DUT-R5CT92NMBKV--11012023113844_ExecID-1803257_IterID-3734587.txt,1,2,3,4,5,6,7,8,9,11-01 12:38:18.147,SIPMSG,sip:xxxxxxxxxxxxxxx@ims.mnc340.mcc313.3gppnetwork.org;user=phone ,,,,,,,,,,,,,,,,,,,,,,,,UE to Network,MESSAGE,MESSAGE,,,,,2.0,1,,
65442df9f2fbd1b644e8788e,Logcat-UX_44_SMS_Tests-SMS-1-DUT-R5CT92NMBKV--11012023113844_ExecID-1803257_IterID-3734587.txt,1,2,3,4,5,6,7,8,9,11-01 12:38:18.461,SIPMSG,,,,,,,,,,,,,,,,,,,,,,,,,Network to UE,MESSAGE, 202 Accepted,,,,,2.0,1,,
65442df9f2fbd1b644e8788f,Logcat-UX_44_SMS_Tests-SMS-1-DUT-R5CT92NMBKV--11012023113844_ExecID-1803257_IterID-3734587.txt,1,2,3,4,5,6,7,8,9,11-01 12:38:19.111,SIPMSG,sip:xxxxxxxxxxxxxxx@xxx.xxx.xxx.xxx:8200 ,,,,,,,,,,,,,,,,,,,,,,,,Network to UE,MESSAGE,MESSAGE,,,,,2.0,1,,
65442df9f2fbd1b644e87890,Logcat-UX_44_SMS_Tests-SMS-1-DUT-R5CT92NMBKV--11012023113844_ExecID-1803257_IterID-3734587.txt,1,2,3,4,5,6,7,8,9,11-01 12:38:19.133,SIPMSG,,,,,,,,,,,,,,,,,,,,,,,,,UE to Network,MESSAGE, 200 OK,,,,,2.0,1,,
65442df9f2fbd1b644e87891,Logcat-UX_44_SMS_Tests-SMS-1-DUT-R5CT92NMBKV--11012023113844_ExecID-1803257_IterID-3734587.txt,1,2,3,4,5,6,7,8,9,11-01 12:38:18.064,SmsServiceModule,,,,,,,,,,,,,,,,,,,,,,,,232,SmsServiceModule,,sendSMSOverIMS:,MO_SENDING_START,,,,,,application/vnd.3gpp.sms,
65442df9f2fbd1b644e87892,Logcat-UX_44_SMS_Tests-SMS-1-DUT-R5CT92NMBKV--11012023113844_ExecID-1803257_IterID-3734587.txt,1,2,3,4,5,6,7,8,9,11-01 12:38:19.145,SmsServiceModule,VE2dfk6pvAscy1Fu_ir0dA..@10.75.184.121,,,,,,,,,,,,,,,,,,,,,,,232,SmsServiceModule,,onReceive3GPPSmsAck:,MO_RECEIVING_202_ACCEPTED,,,0,,,application/vnd.3gpp.sms,
65442df9f2fbd1b644e87893,Logcat-UX_44_SMS_Tests-SMS-1-DUT-R5CT92NMBKV--11012023113844_ExecID-1803257_IterID-3734587.txt,1,2,3,4,5,6,7,8,9,11-01 12:38:18.468,ResipSmsHandler,,,,,,,,,,,,,,,,,,,,,,,,,ResipSmsHandler,,onSendSmsResponse:,202,,,,,,,
65442df9f2fbd1b644e87894,Logcat-UX_44_SMS_Tests-SMS-1-DUT-R5CT92NMBKV--11012023113844_ExecID-1803257_IterID-3734587.txt,1,2,3,4,5,6,7,8,9,11-01 12:38:19.128,ResipSmsHandler,,,,,,,,,,,,,,,,,,,,,,,,,ResipSmsHandler,,onSmsRpAckReceived:,,,,,,,application/vnd.3gpp.sms,
65442e0ecbcce67f5a2c9153,Logcat-UX_44_SMS_Tests-SMS-1-REFERENCE-R5CT92MM65A--10302023061034_ExecID-1789989_IterID-3720020.txt,1,2,3,4,5,6,7,8,9,10-30 21:09:58.385,ModemServiceMode,0 0 12 196 123870,313-340,1,Manual,available,REGISTERED,-107,10.2,-15,IDLE,3,123870,67,n71,0.00,,,,,,,,,,,,,,,,,,,,
65442e0ecbcce67f5a2c9154,Logcat-UX_44_SMS_Tests-SMS-1-REFERENCE-R5CT92MM65A--10302023061034_ExecID-1789989_IterID-3720020.txt,1,2,3,4,5,6,7,8,9,10-30 21:09:58.386,ModemServiceMode,,,,,,,,,,,,,,,,0.00,5 MHz,--,PUCCH,23 dBm,Active,UNBLOCK,PASS,,,,,,,,,,,,
65442e0ecbcce67f5a2c9155,Logcat-UX_44_SMS_Tests-SMS-1-REFERENCE-R5CT92MM65A--10302023061034_ExecID-1789989_IterID-3720020.txt,1,2,3,4,5,6,7,8,9,10-30 21:10:14.692,SIPMSG,sip:xxxxxxxxxxxxxxx@xxx.xxx.xxx.xxx:6300 ,,,,,,,,,,,,,,,,,,,,,,,,Network to UE,MESSAGE,MESSAGE,,,,,2.0,1,,
65442e0ecbcce67f5a2c9156,Logcat-UX_44_SMS_Tests-SMS-1-REFERENCE-R5CT92MM65A--10302023061034_ExecID-1789989_IterID-3720020.txt,1,2,3,4,5,6,7,8,9,10-30 21:10:14.770,SIPMSG,,,,,,,,,,,,,,,,,,,,,,,,,UE to Network,MESSAGE, 200 OK,,,,,2.0,1,,
65442e0ecbcce67f5a2c9157,Logcat-UX_44_SMS_Tests-SMS-1-REFERENCE-R5CT92MM65A--10302023061034_ExecID-1789989_IterID-3720020.txt,1,2,3,4,5,6,7,8,9,10-30 21:10:14.902,SIPMSG,sip:nk-ips001c-usw2az1n01p1-sip.ims.mnc340.mcc313.3gppnetwork.org ,,,,,,,,,,,,,,,,,,,,,,,,UE to Network,MESSAGE,MESSAGE,,,,,2.0,1,,
65442e0ecbcce67f5a2c9158,Logcat-UX_44_SMS_Tests-SMS-1-REFERENCE-R5CT92MM65A--10302023061034_ExecID-1789989_IterID-3720020.txt,1,2,3,4,5,6,7,8,9,10-30 21:10:15.098,SIPMSG,,,,,,,,,,,,,,,,,,,,,,,,,Network to UE,MESSAGE, 202 Accepted,,,,,2.0,1,,
65442e0ecbcce67f5a2c9159,Logcat-UX_44_SMS_Tests-SMS-1-REFERENCE-R5CT92MM65A--10302023061034_ExecID-1789989_IterID-3720020.txt,1,2,3,4,5,6,7,8,9,10-30 21:10:14.751,SmsServiceModule,EE1E9D5A313307F0A1077FD2@5240cbbf4a00,,,,,,,,,,,,,,,,,,,,,,,89,SmsServiceModule,,onReceive3GPPIncomingSms:,MT_RECEIVING_INCOMING_SMS,,,,,,application/vnd.3gpp.sms,
65442e0ecbcce67f5a2c915a,Logcat-UX_44_SMS_Tests-SMS-1-REFERENCE-R5CT92MM65A--10302023061034_ExecID-1789989_IterID-3720020.txt,1,2,3,4,5,6,7,8,9,10-30 21:10:14.737,ResipSmsHandler,,,,,,,,,,,,,,,,,,,,,,,,,ResipSmsHandler,,onNewIncomingSms:,,,,,,,application/vnd.3gpp.sms,12295
65442e0ecbcce67f5a2c915b,Logcat-UX_44_SMS_Tests-SMS-1-REFERENCE-R5CT92MM65A--10302023061034_ExecID-1789989_IterID-3720020.txt,1,2,3,4,5,6,7,8,9,10-30 21:10:14.759,ResipSmsHandler,,,,,,,,,,,,,,,,,,,,,,,,,ResipSmsHandler,,sendSMSResponse():,200,,,,,,,
65442e0ecbcce67f5a2c915c,Logcat-UX_44_SMS_Tests-SMS-1-REFERENCE-R5CT92MM65A--10302023061034_ExecID-1789989_IterID-3720020.txt,1,2,3,4,5,6,7,8,9,10-30 21:10:15.117,ResipSmsHandler,,,,,,,,,,,,,,,,,,,,,,,,,ResipSmsHandler,,onSendSmsResponse:,202,,,,,,,
